reply_to_id,start_id,start_label,end_id,end_label
188648,1765,Tweet,52204,Tweet
188649,2182,Tweet,52363,Tweet
188650,5536,Tweet,53791,Tweet
188651,5656,Tweet,53847,Tweet
188652,5977,Tweet,54006,Tweet
188653,6204,Tweet,54108,Tweet
188654,7326,Tweet,54650,Tweet
188655,9464,Tweet,9452,Tweet
188656,9745,Tweet,9708,Tweet
188657,10126,Tweet,10175,Tweet
188658,10660,Tweet,10700,Tweet
188659,11485,Tweet,11536,Tweet
188660,11613,Tweet,11375,Tweet
188661,11633,Tweet,11634,Tweet
188662,11727,Tweet,11730,Tweet
188663,11785,Tweet,11699,Tweet
188664,12014,Tweet,11160,Tweet
188665,12243,Tweet,12094,Tweet
188666,12266,Tweet,12291,Tweet
188667,12380,Tweet,12264,Tweet
188668,12579,Tweet,12492,Tweet
188669,12592,Tweet,12433,Tweet
188670,12714,Tweet,12420,Tweet
188671,12776,Tweet,12743,Tweet
188672,12980,Tweet,12804,Tweet
188673,12989,Tweet,12761,Tweet
188674,14462,Tweet,14336,Tweet
188675,14624,Tweet,14625,Tweet
188676,15182,Tweet,15152,Tweet
188677,15367,Tweet,15385,Tweet
188678,15547,Tweet,13680,Tweet
188679,16207,Tweet,49728,Tweet
188680,16809,Tweet,49970,Tweet
188681,17196,Tweet,49820,Tweet
188682,17736,Tweet,50065,Tweet
188683,17774,Tweet,50030,Tweet
188684,18150,Tweet,50065,Tweet
188685,18259,Tweet,50065,Tweet
188686,18421,Tweet,18371,Tweet
188687,18537,Tweet,18066,Tweet
188688,18616,Tweet,50146,Tweet
188689,18724,Tweet,50537,Tweet
188690,18760,Tweet,18711,Tweet
188691,18787,Tweet,50531,Tweet
188692,18942,Tweet,50358,Tweet
188693,18996,Tweet,50571,Tweet
188694,19062,Tweet,50154,Tweet
188695,19091,Tweet,50038,Tweet
188696,19494,Tweet,50125,Tweet
188697,19502,Tweet,50279,Tweet
188698,19658,Tweet,50328,Tweet
188699,19900,Tweet,50371,Tweet
188700,19983,Tweet,50315,Tweet
188701,20397,Tweet,50065,Tweet
188702,20431,Tweet,50451,Tweet
188703,20525,Tweet,20545,Tweet
188704,20939,Tweet,50070,Tweet
188705,21389,Tweet,50526,Tweet
188706,21639,Tweet,50065,Tweet
188707,21664,Tweet,50611,Tweet
188708,21681,Tweet,50273,Tweet
188709,21914,Tweet,50661,Tweet
188710,21952,Tweet,50665,Tweet
188711,22545,Tweet,50735,Tweet
188712,22578,Tweet,50734,Tweet
188713,22668,Tweet,50734,Tweet
188714,22838,Tweet,50785,Tweet
188715,27119,Tweet,27118,Tweet
188716,27304,Tweet,56045,Tweet
188717,27879,Tweet,56143,Tweet
188718,28221,Tweet,56233,Tweet
188719,28815,Tweet,29248,Tweet
188720,29633,Tweet,30495,Tweet
188721,30235,Tweet,28933,Tweet
188722,30483,Tweet,30068,Tweet
188723,30625,Tweet,30199,Tweet
188724,31142,Tweet,31006,Tweet
188725,31518,Tweet,51133,Tweet
188726,31903,Tweet,51133,Tweet
188727,32209,Tweet,32002,Tweet
188728,32234,Tweet,31697,Tweet
188729,32334,Tweet,32150,Tweet
188730,33389,Tweet,33332,Tweet
188731,33543,Tweet,33460,Tweet
188732,33557,Tweet,33553,Tweet
188733,33787,Tweet,56447,Tweet
188734,33808,Tweet,33797,Tweet
188735,33843,Tweet,33835,Tweet
188736,33950,Tweet,33929,Tweet
188737,34043,Tweet,34024,Tweet
188738,34047,Tweet,34043,Tweet
188739,34193,Tweet,34077,Tweet
188740,34225,Tweet,34151,Tweet
188741,34314,Tweet,51238,Tweet
188742,34586,Tweet,34568,Tweet
188743,34591,Tweet,51238,Tweet
188744,34865,Tweet,34762,Tweet
188745,34935,Tweet,51264,Tweet
188746,35011,Tweet,51225,Tweet
188747,35094,Tweet,34990,Tweet
188748,35211,Tweet,34739,Tweet
188749,35223,Tweet,34768,Tweet
188750,35258,Tweet,35220,Tweet
188751,35274,Tweet,35252,Tweet
188752,35275,Tweet,35221,Tweet
188753,35402,Tweet,34868,Tweet
188754,35525,Tweet,35374,Tweet
188755,35577,Tweet,35430,Tweet
188756,35827,Tweet,37132,Tweet
188757,35920,Tweet,36309,Tweet
188758,36016,Tweet,51321,Tweet
188759,36074,Tweet,35801,Tweet
188760,36117,Tweet,38130,Tweet
188761,36143,Tweet,37902,Tweet
188762,36162,Tweet,35800,Tweet
188763,36206,Tweet,38122,Tweet
188764,36229,Tweet,37319,Tweet
188765,36298,Tweet,36162,Tweet
188766,36306,Tweet,37472,Tweet
188767,36426,Tweet,36972,Tweet
188768,36517,Tweet,36228,Tweet
188769,36530,Tweet,37560,Tweet
188770,36655,Tweet,36757,Tweet
188771,36687,Tweet,37889,Tweet
188772,36792,Tweet,36532,Tweet
188773,36931,Tweet,37230,Tweet
188774,36972,Tweet,36267,Tweet
188775,37031,Tweet,37011,Tweet
188776,37065,Tweet,36204,Tweet
188777,37081,Tweet,37318,Tweet
188778,37179,Tweet,38279,Tweet
188779,37316,Tweet,36508,Tweet
188780,37349,Tweet,36766,Tweet
188781,37395,Tweet,36646,Tweet
188782,37524,Tweet,36786,Tweet
188783,37577,Tweet,36190,Tweet
188784,37588,Tweet,37458,Tweet
188785,37607,Tweet,37649,Tweet
188786,37622,Tweet,51372,Tweet
188787,37718,Tweet,38124,Tweet
188788,37724,Tweet,37722,Tweet
188789,37857,Tweet,37471,Tweet
188790,37887,Tweet,38270,Tweet
188791,37889,Tweet,38210,Tweet
188792,37928,Tweet,36057,Tweet
188793,37999,Tweet,51394,Tweet
188794,38029,Tweet,36071,Tweet
188795,38105,Tweet,36667,Tweet
188796,38122,Tweet,37016,Tweet
188797,38129,Tweet,36546,Tweet
188798,38147,Tweet,51416,Tweet
188799,38171,Tweet,36017,Tweet
188800,38200,Tweet,36070,Tweet
188801,38254,Tweet,51345,Tweet
188802,38255,Tweet,51427,Tweet
188803,38312,Tweet,38818,Tweet
188804,38476,Tweet,51447,Tweet
188805,38493,Tweet,51447,Tweet
188806,38601,Tweet,39631,Tweet
188807,38609,Tweet,39680,Tweet
188808,38727,Tweet,51447,Tweet
188809,38931,Tweet,39240,Tweet
188810,39030,Tweet,51563,Tweet
188811,39194,Tweet,38763,Tweet
188812,39568,Tweet,38371,Tweet
188813,39630,Tweet,38723,Tweet
188814,39662,Tweet,40155,Tweet
188815,40115,Tweet,42497,Tweet
188816,40227,Tweet,39980,Tweet
188817,40314,Tweet,39539,Tweet
188818,40825,Tweet,40930,Tweet
188819,40918,Tweet,40930,Tweet
188820,41347,Tweet,42368,Tweet
188821,41449,Tweet,41361,Tweet
188822,41558,Tweet,40930,Tweet
188823,41568,Tweet,41589,Tweet
188824,41583,Tweet,40930,Tweet
188825,42497,Tweet,40357,Tweet
188826,42568,Tweet,41589,Tweet
188827,42730,Tweet,51607,Tweet
188828,42833,Tweet,41929,Tweet
188829,42866,Tweet,40930,Tweet
188830,44892,Tweet,43641,Tweet
188831,45308,Tweet,47231,Tweet
188832,45610,Tweet,47231,Tweet
188833,45750,Tweet,46009,Tweet
188834,45846,Tweet,46414,Tweet
188835,45997,Tweet,46117,Tweet
188836,46123,Tweet,46594,Tweet
188837,46341,Tweet,46340,Tweet
188838,46342,Tweet,46341,Tweet
188839,46385,Tweet,47212,Tweet
188840,46501,Tweet,46769,Tweet
188841,46512,Tweet,46689,Tweet
188842,46619,Tweet,47529,Tweet
188843,46634,Tweet,46731,Tweet
188844,46662,Tweet,46982,Tweet
188845,46684,Tweet,46683,Tweet
188846,46782,Tweet,47294,Tweet
188847,46796,Tweet,46982,Tweet
188848,46886,Tweet,51758,Tweet
188849,46922,Tweet,51759,Tweet
188850,46925,Tweet,47054,Tweet
188851,46978,Tweet,47054,Tweet
188852,46985,Tweet,46962,Tweet
188853,46999,Tweet,51751,Tweet
188854,47003,Tweet,39698,Tweet
188855,47025,Tweet,47231,Tweet
188856,47043,Tweet,47225,Tweet
188857,47113,Tweet,47110,Tweet
188858,47451,Tweet,47450,Tweet
188859,47490,Tweet,47468,Tweet
188860,47694,Tweet,47690,Tweet
188861,47740,Tweet,47838,Tweet
188862,47808,Tweet,48499,Tweet
188863,47899,Tweet,48499,Tweet
188864,47984,Tweet,48499,Tweet
188865,48068,Tweet,48499,Tweet
188866,48141,Tweet,48499,Tweet
188867,48218,Tweet,48499,Tweet
188868,48271,Tweet,48165,Tweet
188869,48293,Tweet,48499,Tweet
188870,48364,Tweet,48499,Tweet
188871,48569,Tweet,48499,Tweet
188872,48760,Tweet,49596,Tweet
188873,48826,Tweet,48499,Tweet
188874,49964,Tweet,49915,Tweet
188875,50779,Tweet,50666,Tweet
188876,51227,Tweet,34056,Tweet
188877,51259,Tweet,34493,Tweet
188878,51298,Tweet,35609,Tweet
188879,51660,Tweet,51702,Tweet
188880,51747,Tweet,51759,Tweet
188881,51759,Tweet,47571,Tweet
188882,52681,Tweet,52680,Tweet
188883,53119,Tweet,53023,Tweet
188884,53214,Tweet,53213,Tweet
188885,53648,Tweet,53637,Tweet
188886,53737,Tweet,53729,Tweet
188887,54286,Tweet,54385,Tweet
188888,56134,Tweet,56118,Tweet
188889,56154,Tweet,56153,Tweet
188890,56314,Tweet,51137,Tweet
188891,56447,Tweet,33769,Tweet
188892,56479,Tweet,34234,Tweet
193270,623,Tweet,56771,User
193271,636,Tweet,56578,User
193272,641,Tweet,56624,User
193273,785,Tweet,97155,User
193274,892,Tweet,97239,User
193275,930,Tweet,96495,User
193276,958,Tweet,94684,User
193277,1227,Tweet,64421,User
193278,1314,Tweet,57700,User
193279,1334,Tweet,90039,User
193280,1365,Tweet,90039,User
193281,1646,Tweet,57933,User
193282,1765,Tweet,95135,User
193283,1814,Tweet,92190,User
193284,1816,Tweet,57742,User
193285,1857,Tweet,57780,User
193286,1874,Tweet,56697,User
193287,1951,Tweet,98634,User
193288,1996,Tweet,64465,User
193289,2018,Tweet,97428,User
193290,2021,Tweet,56578,User
193291,2113,Tweet,58108,User
193292,2182,Tweet,69701,User
193293,2263,Tweet,57263,User
193294,2282,Tweet,56743,User
193295,2322,Tweet,80207,User
193296,2367,Tweet,59020,User
193297,2385,Tweet,92190,User
193298,2386,Tweet,56638,User
193299,2467,Tweet,58330,User
193300,2508,Tweet,97478,User
193301,2545,Tweet,97480,User
193302,2723,Tweet,58484,User
193303,2741,Tweet,58602,User
193304,2755,Tweet,67474,User
193305,2865,Tweet,62810,User
193306,2933,Tweet,97481,User
193307,3093,Tweet,68839,User
193308,3096,Tweet,94701,User
193309,3245,Tweet,82941,User
193310,3282,Tweet,79245,User
193311,3359,Tweet,96405,User
193312,3497,Tweet,95674,User
193313,3518,Tweet,83848,User
193314,3723,Tweet,82914,User
193315,3763,Tweet,59571,User
193316,3889,Tweet,88246,User
193317,3894,Tweet,73169,User
193318,4120,Tweet,59890,User
193319,4201,Tweet,57692,User
193320,4202,Tweet,94737,User
193321,4254,Tweet,94737,User
193322,4336,Tweet,64463,User
193323,4513,Tweet,90039,User
193324,4614,Tweet,98808,User
193325,4624,Tweet,96528,User
193326,4732,Tweet,60832,User
193327,4738,Tweet,60648,User
193328,4762,Tweet,58578,User
193329,4766,Tweet,58602,User
193330,4827,Tweet,60626,User
193331,4832,Tweet,60626,User
193332,4859,Tweet,60832,User
193333,4913,Tweet,96501,User
193334,4944,Tweet,63007,User
193335,4969,Tweet,97879,User
193336,5028,Tweet,97304,User
193337,5038,Tweet,97975,User
193338,5067,Tweet,98775,User
193339,5184,Tweet,69408,User
193340,5185,Tweet,61206,User
193341,5259,Tweet,67357,User
193342,5272,Tweet,98172,User
193343,5284,Tweet,98054,User
193344,5324,Tweet,60997,User
193345,5443,Tweet,61189,User
193346,5448,Tweet,61506,User
193347,5463,Tweet,85291,User
193348,5468,Tweet,58903,User
193349,5495,Tweet,98043,User
193350,5536,Tweet,61034,User
193351,5572,Tweet,98091,User
193352,5596,Tweet,61432,User
193353,5625,Tweet,61287,User
193354,5656,Tweet,85174,User
193355,5670,Tweet,98168,User
193356,5829,Tweet,61555,User
193357,5836,Tweet,98043,User
193358,5953,Tweet,62059,User
193359,5977,Tweet,62059,User
193360,5998,Tweet,61754,User
193361,6010,Tweet,63718,User
193362,6085,Tweet,95198,User
193363,6088,Tweet,61678,User
193364,6097,Tweet,74601,User
193365,6151,Tweet,61889,User
193366,6163,Tweet,61754,User
193367,6204,Tweet,88246,User
193368,6211,Tweet,63205,User
193369,6261,Tweet,98299,User
193370,6331,Tweet,79100,User
193371,6365,Tweet,57824,User
193372,6398,Tweet,61678,User
193373,6406,Tweet,61678,User
193374,6461,Tweet,69817,User
193375,6515,Tweet,74020,User
193376,6527,Tweet,96405,User
193377,6529,Tweet,61678,User
193378,6554,Tweet,96528,User
193379,6677,Tweet,62328,User
193380,6922,Tweet,62571,User
193381,7176,Tweet,90999,User
193382,7216,Tweet,60832,User
193383,7223,Tweet,58597,User
193384,7251,Tweet,58338,User
193385,7307,Tweet,60736,User
193386,7326,Tweet,98589,User
193387,7348,Tweet,67482,User
193388,7369,Tweet,60832,User
193389,7382,Tweet,66685,User
193390,7496,Tweet,58602,User
193391,7499,Tweet,97917,User
193392,7512,Tweet,58501,User
193393,7534,Tweet,58596,User
193394,7562,Tweet,62090,User
193395,7739,Tweet,63434,User
193396,7759,Tweet,63255,User
193397,7761,Tweet,63271,User
193398,7884,Tweet,61796,User
193399,7903,Tweet,63257,User
193400,7919,Tweet,63434,User
193401,7941,Tweet,76163,User
193402,8001,Tweet,96278,User
193403,8028,Tweet,98755,User
193404,8104,Tweet,63255,User
193405,8198,Tweet,61774,User
193406,8307,Tweet,70620,User
193407,8358,Tweet,66524,User
193408,8377,Tweet,68595,User
193409,8411,Tweet,58501,User
193410,8435,Tweet,97513,User
193411,8463,Tweet,63142,User
193412,8464,Tweet,58501,User
193413,8594,Tweet,64056,User
193414,8621,Tweet,64083,User
193415,8681,Tweet,72286,User
193416,8739,Tweet,64670,User
193417,8796,Tweet,96535,User
193418,8800,Tweet,96773,User
193419,8840,Tweet,96185,User
193420,9095,Tweet,72286,User
193421,9113,Tweet,64554,User
193422,9197,Tweet,66094,User
193423,9216,Tweet,88246,User
193424,9259,Tweet,93460,User
193425,9340,Tweet,64670,User
193426,9345,Tweet,66009,User
193427,9364,Tweet,76993,User
193428,9367,Tweet,65558,User
193429,9390,Tweet,58597,User
193430,9398,Tweet,64516,User
193431,9412,Tweet,75744,User
193432,9416,Tweet,98807,User
193433,9423,Tweet,81578,User
193434,9425,Tweet,65996,User
193435,9430,Tweet,97659,User
193436,9464,Tweet,64791,User
193437,9483,Tweet,68261,User
193438,9489,Tweet,65491,User
193439,9540,Tweet,63697,User
193440,9552,Tweet,58879,User
193441,9599,Tweet,58317,User
193442,9638,Tweet,64995,User
193443,9650,Tweet,58578,User
193444,9656,Tweet,58501,User
193445,9697,Tweet,58597,User
193446,9715,Tweet,58501,User
193447,9745,Tweet,65055,User
193448,9766,Tweet,58597,User
193449,9786,Tweet,69024,User
193450,9837,Tweet,62012,User
193451,9859,Tweet,88246,User
193452,9882,Tweet,73401,User
193453,9976,Tweet,65263,User
193454,9978,Tweet,58597,User
193455,9979,Tweet,99458,User
193456,9984,Tweet,58597,User
193457,10013,Tweet,67946,User
193458,10049,Tweet,58578,User
193459,10059,Tweet,65941,User
193460,10091,Tweet,58501,User
193461,10108,Tweet,62805,User
193462,10116,Tweet,58501,User
193463,10126,Tweet,65425,User
193464,10160,Tweet,96426,User
193465,10174,Tweet,65424,User
193466,10177,Tweet,96426,User
193467,10205,Tweet,58484,User
193468,10212,Tweet,58501,User
193469,10219,Tweet,58597,User
193470,10220,Tweet,64515,User
193471,10271,Tweet,96426,User
193472,10383,Tweet,65263,User
193473,10385,Tweet,63711,User
193474,10447,Tweet,65541,User
193475,10458,Tweet,58484,User
193476,10461,Tweet,65174,User
193477,10468,Tweet,66625,User
193478,10469,Tweet,65758,User
193479,10485,Tweet,96535,User
193480,10506,Tweet,58484,User
193481,10509,Tweet,58298,User
193482,10533,Tweet,96426,User
193483,10551,Tweet,58317,User
193484,10555,Tweet,65721,User
193485,10595,Tweet,66869,User
193486,10650,Tweet,96426,User
193487,10654,Tweet,65793,User
193488,10659,Tweet,58261,User
193489,10660,Tweet,58484,User
193490,10680,Tweet,69776,User
193491,10691,Tweet,64993,User
193492,10828,Tweet,58501,User
193493,10928,Tweet,58501,User
193494,10931,Tweet,58614,User
193495,10933,Tweet,66003,User
193496,10945,Tweet,58317,User
193497,10964,Tweet,67004,User
193498,10969,Tweet,62796,User
193499,10981,Tweet,64995,User
193500,11026,Tweet,64987,User
193501,11040,Tweet,64976,User
193502,11043,Tweet,66081,User
193503,11062,Tweet,66094,User
193504,11070,Tweet,96426,User
193505,11092,Tweet,58501,User
193506,11097,Tweet,63007,User
193507,11107,Tweet,67757,User
193508,11129,Tweet,58298,User
193509,11134,Tweet,64670,User
193510,11142,Tweet,65171,User
193511,11157,Tweet,63007,User
193512,11177,Tweet,97932,User
193513,11194,Tweet,71473,User
193514,11257,Tweet,65489,User
193515,11260,Tweet,96591,User
193516,11263,Tweet,71473,User
193517,11294,Tweet,62993,User
193518,11307,Tweet,83848,User
193519,11321,Tweet,62805,User
193520,11329,Tweet,89599,User
193521,11346,Tweet,58501,User
193522,11348,Tweet,66301,User
193523,11351,Tweet,58664,User
193524,11355,Tweet,58850,User
193525,11374,Tweet,67365,User
193526,11379,Tweet,63624,User
193527,11414,Tweet,58484,User
193528,11424,Tweet,98604,User
193529,11425,Tweet,58484,User
193530,11443,Tweet,58484,User
193531,11460,Tweet,64976,User
193532,11485,Tweet,64670,User
193533,11520,Tweet,58298,User
193534,11523,Tweet,65368,User
193535,11556,Tweet,58578,User
193536,11571,Tweet,98604,User
193537,11572,Tweet,65325,User
193538,11576,Tweet,66468,User
193539,11578,Tweet,65506,User
193540,11597,Tweet,58298,User
193541,11610,Tweet,83848,User
193542,11613,Tweet,65363,User
193543,11633,Tweet,65104,User
193544,11643,Tweet,58317,User
193545,11661,Tweet,58484,User
193546,11669,Tweet,65124,User
193547,11673,Tweet,81578,User
193548,11685,Tweet,66524,User
193549,11713,Tweet,58362,User
193550,11727,Tweet,66586,User
193551,11733,Tweet,65124,User
193552,11750,Tweet,65325,User
193553,11785,Tweet,66562,User
193554,11790,Tweet,83848,User
193555,11807,Tweet,66643,User
193556,11837,Tweet,58578,User
193557,11856,Tweet,60832,User
193558,11874,Tweet,90465,User
193559,11880,Tweet,66687,User
193560,11887,Tweet,58501,User
193561,11890,Tweet,69726,User
193562,11919,Tweet,65677,User
193563,11924,Tweet,96528,User
193564,11940,Tweet,65124,User
193565,11946,Tweet,97474,User
193566,11947,Tweet,96278,User
193567,11992,Tweet,97513,User
193568,12006,Tweet,66790,User
193569,12014,Tweet,65215,User
193570,12036,Tweet,97374,User
193571,12080,Tweet,96426,User
193572,12089,Tweet,58501,User
193573,12128,Tweet,69759,User
193574,12147,Tweet,63853,User
193575,12151,Tweet,95438,User
193576,12160,Tweet,66877,User
193577,12164,Tweet,65104,User
193578,12243,Tweet,58484,User
193579,12264,Tweet,67077,User
193580,12266,Tweet,67004,User
193581,12281,Tweet,65041,User
193582,12297,Tweet,58317,User
193583,12300,Tweet,58484,User
193584,12344,Tweet,67211,User
193585,12378,Tweet,58597,User
193586,12380,Tweet,66981,User
193587,12423,Tweet,67028,User
193588,12495,Tweet,58298,User
193589,12497,Tweet,65104,User
193590,12543,Tweet,89274,User
193591,12579,Tweet,67159,User
193592,12592,Tweet,65052,User
193593,12629,Tweet,69007,User
193594,12636,Tweet,58484,User
193595,12644,Tweet,65059,User
193596,12684,Tweet,66094,User
193597,12689,Tweet,58501,User
193598,12691,Tweet,97504,User
193599,12714,Tweet,65372,User
193600,12768,Tweet,58597,User
193601,12776,Tweet,67339,User
193602,12802,Tweet,58597,User
193603,12817,Tweet,58484,User
193604,12872,Tweet,67946,User
193605,12889,Tweet,67446,User
193606,12900,Tweet,58578,User
193607,12904,Tweet,65263,User
193608,12935,Tweet,58484,User
193609,12940,Tweet,67480,User
193610,12946,Tweet,98744,User
193611,12980,Tweet,58317,User
193612,12989,Tweet,67351,User
193613,13010,Tweet,58484,User
193614,13023,Tweet,63697,User
193615,13096,Tweet,96426,User
193616,13109,Tweet,96426,User
193617,13117,Tweet,62755,User
193618,13130,Tweet,65760,User
193619,13132,Tweet,96426,User
193620,13133,Tweet,67639,User
193621,13146,Tweet,58338,User
193622,13169,Tweet,97054,User
193623,13213,Tweet,66602,User
193624,13227,Tweet,58484,User
193625,13265,Tweet,68372,User
193626,13266,Tweet,69173,User
193627,13302,Tweet,58578,User
193628,13310,Tweet,65368,User
193629,13380,Tweet,97497,User
193630,13389,Tweet,99461,User
193631,13445,Tweet,99544,User
193632,13447,Tweet,98572,User
193633,13453,Tweet,65368,User
193634,13459,Tweet,97474,User
193635,13466,Tweet,97924,User
193636,13507,Tweet,96426,User
193637,13542,Tweet,96123,User
193638,13593,Tweet,65368,User
193639,13625,Tweet,68056,User
193640,13642,Tweet,58501,User
193641,13651,Tweet,67417,User
193642,13680,Tweet,68056,User
193643,13692,Tweet,68111,User
193644,13726,Tweet,65124,User
193645,13737,Tweet,60844,User
193646,13758,Tweet,61976,User
193647,13766,Tweet,68175,User
193648,13786,Tweet,97056,User
193649,13831,Tweet,58501,User
193650,13871,Tweet,96278,User
193651,13889,Tweet,64745,User
193652,13900,Tweet,66524,User
193653,13924,Tweet,97932,User
193654,13931,Tweet,68327,User
193655,13983,Tweet,97497,User
193656,13986,Tweet,65677,User
193657,14002,Tweet,66966,User
193658,14025,Tweet,68407,User
193659,14046,Tweet,96278,User
193660,14047,Tweet,67838,User
193661,14080,Tweet,96123,User
193662,14100,Tweet,64465,User
193663,14113,Tweet,68483,User
193664,14145,Tweet,97517,User
193665,14183,Tweet,96278,User
193666,14188,Tweet,65124,User
193667,14200,Tweet,58484,User
193668,14235,Tweet,88728,User
193669,14281,Tweet,64494,User
193670,14354,Tweet,67468,User
193671,14392,Tweet,96866,User
193672,14430,Tweet,68735,User
193673,14432,Tweet,68735,User
193674,14462,Tweet,58501,User
193675,14466,Tweet,69032,User
193676,14499,Tweet,99447,User
193677,14511,Tweet,68717,User
193678,14558,Tweet,99516,User
193679,14586,Tweet,96426,User
193680,14624,Tweet,66907,User
193681,14633,Tweet,65104,User
193682,14651,Tweet,58501,User
193683,14684,Tweet,97497,User
193684,14691,Tweet,96426,User
193685,14747,Tweet,99516,User
193686,14756,Tweet,58501,User
193687,14862,Tweet,88128,User
193688,14909,Tweet,63095,User
193689,14910,Tweet,58298,User
193690,14934,Tweet,66524,User
193691,14946,Tweet,96426,User
193692,14973,Tweet,65124,User
193693,14999,Tweet,58298,User
193694,15099,Tweet,58298,User
193695,15182,Tweet,58484,User
193696,15187,Tweet,58376,User
193697,15192,Tweet,64484,User
193698,15204,Tweet,58317,User
193699,15340,Tweet,65124,User
193700,15367,Tweet,69449,User
193701,15376,Tweet,97623,User
193702,15377,Tweet,93220,User
193703,15385,Tweet,65124,User
193704,15482,Tweet,57692,User
193705,15510,Tweet,58317,User
193706,15525,Tweet,63007,User
193707,15547,Tweet,68056,User
193708,15596,Tweet,69575,User
193709,15639,Tweet,75626,User
193710,15642,Tweet,65325,User
193711,15651,Tweet,65124,User
193712,15669,Tweet,97505,User
193713,15701,Tweet,58501,User
193714,15788,Tweet,69698,User
193715,15817,Tweet,58501,User
193716,15832,Tweet,87002,User
193717,15847,Tweet,58261,User
193718,15925,Tweet,69408,User
193719,15928,Tweet,96147,User
193720,16045,Tweet,69857,User
193721,16051,Tweet,96126,User
193722,16077,Tweet,96141,User
193723,16080,Tweet,71359,User
193724,16081,Tweet,96126,User
193725,16089,Tweet,73478,User
193726,16124,Tweet,96141,User
193727,16143,Tweet,65721,User
193728,16149,Tweet,69952,User
193729,16155,Tweet,96126,User
193730,16185,Tweet,96427,User
193731,16207,Tweet,96120,User
193732,16217,Tweet,61807,User
193733,16220,Tweet,89442,User
193734,16238,Tweet,61807,User
193735,16242,Tweet,69597,User
193736,16293,Tweet,96126,User
193737,16349,Tweet,96126,User
193738,16395,Tweet,72420,User
193739,16402,Tweet,65784,User
193740,16411,Tweet,97054,User
193741,16433,Tweet,75841,User
193742,16446,Tweet,97054,User
193743,16459,Tweet,96427,User
193744,16488,Tweet,96114,User
193745,16503,Tweet,70304,User
193746,16506,Tweet,57692,User
193747,16532,Tweet,70693,User
193748,16533,Tweet,96120,User
193749,16541,Tweet,96155,User
193750,16550,Tweet,69983,User
193751,16562,Tweet,64463,User
193752,16563,Tweet,70327,User
193753,16564,Tweet,70219,User
193754,16589,Tweet,96231,User
193755,16599,Tweet,70362,User
193756,16615,Tweet,96231,User
193757,16684,Tweet,96114,User
193758,16690,Tweet,70442,User
193759,16698,Tweet,69985,User
193760,16723,Tweet,70146,User
193761,16792,Tweet,62115,User
193762,16809,Tweet,96153,User
193763,16829,Tweet,70459,User
193764,16860,Tweet,70593,User
193765,16888,Tweet,96486,User
193766,16913,Tweet,96195,User
193767,16983,Tweet,70708,User
193768,16987,Tweet,70712,User
193769,17109,Tweet,70824,User
193770,17137,Tweet,70851,User
193771,17159,Tweet,65600,User
193772,17167,Tweet,58656,User
193773,17186,Tweet,69597,User
193774,17196,Tweet,96167,User
193775,17198,Tweet,96114,User
193776,17204,Tweet,88841,User
193777,17228,Tweet,96126,User
193778,17235,Tweet,96231,User
193779,17236,Tweet,96114,User
193780,17262,Tweet,61065,User
193781,17283,Tweet,96317,User
193782,17321,Tweet,96177,User
193783,17328,Tweet,71027,User
193784,17340,Tweet,96231,User
193785,17347,Tweet,71114,User
193786,17365,Tweet,71055,User
193787,17386,Tweet,96231,User
193788,17406,Tweet,71093,User
193789,17409,Tweet,96118,User
193790,17458,Tweet,96126,User
193791,17487,Tweet,97571,User
193792,17502,Tweet,71178,User
193793,17509,Tweet,72841,User
193794,17535,Tweet,96335,User
193795,17558,Tweet,96114,User
193796,17623,Tweet,69926,User
193797,17646,Tweet,88229,User
193798,17671,Tweet,89460,User
193799,17707,Tweet,96126,User
193800,17708,Tweet,70376,User
193801,17717,Tweet,71434,User
193802,17736,Tweet,96278,User
193803,17743,Tweet,96452,User
193804,17763,Tweet,96324,User
193805,17767,Tweet,96126,User
193806,17774,Tweet,96272,User
193807,17780,Tweet,96153,User
193808,17788,Tweet,96126,User
193809,17816,Tweet,96391,User
193810,17817,Tweet,71450,User
193811,17847,Tweet,71473,User
193812,17851,Tweet,70327,User
193813,17866,Tweet,96126,User
193814,17870,Tweet,96126,User
193815,17880,Tweet,71502,User
193816,17925,Tweet,96126,User
193817,17962,Tweet,71575,User
193818,18040,Tweet,71463,User
193819,18042,Tweet,96452,User
193820,18056,Tweet,75441,User
193821,18057,Tweet,96126,User
193822,18066,Tweet,72065,User
193823,18119,Tweet,71708,User
193824,18124,Tweet,96126,User
193825,18143,Tweet,97773,User
193826,18147,Tweet,71732,User
193827,18150,Tweet,96278,User
193828,18204,Tweet,96126,User
193829,18205,Tweet,96624,User
193830,18259,Tweet,96278,User
193831,18387,Tweet,97669,User
193832,18404,Tweet,58461,User
193833,18421,Tweet,71923,User
193834,18440,Tweet,71973,User
193835,18454,Tweet,96153,User
193836,18459,Tweet,97897,User
193837,18518,Tweet,72047,User
193838,18533,Tweet,73195,User
193839,18537,Tweet,70353,User
193840,18546,Tweet,96126,User
193841,18553,Tweet,71211,User
193842,18560,Tweet,96126,User
193843,18571,Tweet,96324,User
193844,18572,Tweet,89460,User
193845,18594,Tweet,74535,User
193846,18595,Tweet,72117,User
193847,18596,Tweet,71237,User
193848,18616,Tweet,96333,User
193849,18648,Tweet,75907,User
193850,18696,Tweet,96126,User
193851,18699,Tweet,96517,User
193852,18708,Tweet,96452,User
193853,18709,Tweet,75232,User
193854,18724,Tweet,96462,User
193855,18732,Tweet,88841,User
193856,18738,Tweet,72240,User
193857,18749,Tweet,96126,User
193858,18760,Tweet,58879,User
193859,18781,Tweet,71874,User
193860,18787,Tweet,96531,User
193861,18792,Tweet,96353,User
193862,18874,Tweet,69983,User
193863,18877,Tweet,96409,User
193864,18880,Tweet,88364,User
193865,18892,Tweet,75907,User
193866,18903,Tweet,72385,User
193867,18932,Tweet,96198,User
193868,18942,Tweet,96430,User
193869,18943,Tweet,72503,User
193870,18982,Tweet,96444,User
193871,18989,Tweet,71638,User
193872,18996,Tweet,96560,User
193873,19007,Tweet,72480,User
193874,19023,Tweet,66524,User
193875,19050,Tweet,70376,User
193876,19052,Tweet,75907,User
193877,19062,Tweet,88246,User
193878,19091,Tweet,96278,User
193879,19099,Tweet,70376,User
193880,19164,Tweet,70851,User
193881,19184,Tweet,63853,User
193882,19191,Tweet,96324,User
193883,19204,Tweet,72161,User
193884,19275,Tweet,66360,User
193885,19283,Tweet,72735,User
193886,19287,Tweet,91861,User
193887,19294,Tweet,96353,User
193888,19313,Tweet,70388,User
193889,19334,Tweet,87225,User
193890,19343,Tweet,96114,User
193891,19347,Tweet,73057,User
193892,19413,Tweet,96396,User
193893,19436,Tweet,57691,User
193894,19447,Tweet,70016,User
193895,19494,Tweet,96324,User
193896,19502,Tweet,96401,User
193897,19507,Tweet,72929,User
193898,19522,Tweet,72943,User
193899,19524,Tweet,96287,User
193900,19536,Tweet,96401,User
193901,19586,Tweet,96401,User
193902,19656,Tweet,71648,User
193903,19658,Tweet,96118,User
193904,19662,Tweet,70851,User
193905,19691,Tweet,88246,User
193906,19715,Tweet,70304,User
193907,19746,Tweet,73356,User
193908,19755,Tweet,73134,User
193909,19756,Tweet,96398,User
193910,19770,Tweet,96272,User
193911,19779,Tweet,72841,User
193912,19782,Tweet,96452,User
193913,19798,Tweet,72462,User
193914,19849,Tweet,73214,User
193915,19851,Tweet,97593,User
193916,19865,Tweet,96131,User
193917,19883,Tweet,73245,User
193918,19900,Tweet,83848,User
193919,19922,Tweet,71473,User
193920,19946,Tweet,73300,User
193921,19956,Tweet,96123,User
193922,19958,Tweet,96317,User
193923,19968,Tweet,96173,User
193924,19983,Tweet,72970,User
193925,19987,Tweet,73338,User
193926,20024,Tweet,73372,User
193927,20039,Tweet,96126,User
193928,20046,Tweet,96173,User
193929,20070,Tweet,96126,User
193930,20080,Tweet,73427,User
193931,20081,Tweet,73319,User
193932,20083,Tweet,96697,User
193933,20096,Tweet,71580,User
193934,20131,Tweet,73475,User
193935,20144,Tweet,71580,User
193936,20152,Tweet,73493,User
193937,20175,Tweet,96452,User
193938,20222,Tweet,63809,User
193939,20230,Tweet,73338,User
193940,20234,Tweet,73566,User
193941,20237,Tweet,96432,User
193942,20271,Tweet,96200,User
193943,20276,Tweet,70016,User
193944,20306,Tweet,75904,User
193945,20311,Tweet,96478,User
193946,20329,Tweet,96478,User
193947,20336,Tweet,92462,User
193948,20387,Tweet,75904,User
193949,20397,Tweet,96278,User
193950,20431,Tweet,72263,User
193951,20451,Tweet,96199,User
193952,20458,Tweet,96216,User
193953,20507,Tweet,65851,User
193954,20525,Tweet,73840,User
193955,20545,Tweet,73823,User
193956,20568,Tweet,97018,User
193957,20571,Tweet,73864,User
193958,20602,Tweet,96486,User
193959,20613,Tweet,96185,User
193960,20635,Tweet,70752,User
193961,20676,Tweet,89105,User
193962,20678,Tweet,73195,User
193963,20713,Tweet,98374,User
193964,20718,Tweet,73873,User
193965,20740,Tweet,89460,User
193966,20782,Tweet,70851,User
193967,20789,Tweet,74063,User
193968,20793,Tweet,77362,User
193969,20870,Tweet,96231,User
193970,20885,Tweet,96465,User
193971,20919,Tweet,74181,User
193972,20939,Tweet,65721,User
193973,21089,Tweet,89460,User
193974,21092,Tweet,96155,User
193975,21126,Tweet,76430,User
193976,21162,Tweet,97595,User
193977,21176,Tweet,95713,User
193978,21183,Tweet,96155,User
193979,21201,Tweet,67144,User
193980,21209,Tweet,98079,User
193981,21216,Tweet,74456,User
193982,21227,Tweet,61807,User
193983,21261,Tweet,74497,User
193984,21362,Tweet,96126,User
193985,21389,Tweet,96528,User
193986,21494,Tweet,74778,User
193987,21569,Tweet,96155,User
193988,21596,Tweet,73338,User
193989,21597,Tweet,96223,User
193990,21603,Tweet,96126,User
193991,21634,Tweet,70099,User
193992,21639,Tweet,96278,User
193993,21652,Tweet,74861,User
193994,21657,Tweet,64463,User
193995,21664,Tweet,88567,User
193996,21681,Tweet,96398,User
193997,21715,Tweet,75904,User
193998,21717,Tweet,74922,User
193999,21723,Tweet,74928,User
194000,21740,Tweet,74945,User
194001,21754,Tweet,96462,User
194002,21758,Tweet,75841,User
194003,21790,Tweet,96340,User
194004,21811,Tweet,88364,User
194005,21845,Tweet,96493,User
194006,21861,Tweet,70099,User
194007,21875,Tweet,87400,User
194008,21908,Tweet,70851,User
194009,21911,Tweet,59990,User
194010,21914,Tweet,96607,User
194011,21922,Tweet,96216,User
194012,21952,Tweet,96608,User
194013,21957,Tweet,75146,User
194014,21963,Tweet,65600,User
194015,21965,Tweet,69776,User
194016,22000,Tweet,75020,User
194017,22020,Tweet,96401,User
194018,22056,Tweet,57899,User
194019,22073,Tweet,75253,User
194020,22102,Tweet,75281,User
194021,22107,Tweet,88246,User
194022,22108,Tweet,72356,User
194023,22113,Tweet,58484,User
194024,22125,Tweet,96528,User
194025,22141,Tweet,72592,User
194026,22180,Tweet,75345,User
194027,22199,Tweet,96279,User
194028,22224,Tweet,73195,User
194029,22254,Tweet,62059,User
194030,22272,Tweet,96126,User
194031,22275,Tweet,70851,User
194032,22302,Tweet,68056,User
194033,22335,Tweet,73210,User
194034,22338,Tweet,70026,User
194035,22339,Tweet,75486,User
194036,22350,Tweet,70058,User
194037,22352,Tweet,96143,User
194038,22365,Tweet,96434,User
194039,22382,Tweet,96416,User
194040,22402,Tweet,96114,User
194041,22432,Tweet,75805,User
194042,22497,Tweet,96126,User
194043,22501,Tweet,70851,User
194044,22502,Tweet,70752,User
194045,22513,Tweet,97782,User
194046,22530,Tweet,75658,User
194047,22537,Tweet,75665,User
194048,22545,Tweet,96642,User
194049,22571,Tweet,98135,User
194050,22578,Tweet,74628,User
194051,22596,Tweet,71077,User
194052,22621,Tweet,86646,User
194053,22648,Tweet,71838,User
194054,22668,Tweet,74628,User
194055,22707,Tweet,71723,User
194056,22713,Tweet,71359,User
194057,22725,Tweet,96126,User
194058,22734,Tweet,88229,User
194059,22738,Tweet,71473,User
194060,22792,Tweet,73566,User
194061,22809,Tweet,75902,User
194062,22838,Tweet,75927,User
194063,22926,Tweet,76598,User
194064,22951,Tweet,96324,User
194065,22968,Tweet,96656,User
194066,22995,Tweet,65184,User
194067,22997,Tweet,69983,User
194068,23004,Tweet,65822,User
194069,23046,Tweet,76118,User
194070,23074,Tweet,96683,User
194071,23134,Tweet,96486,User
194072,23163,Tweet,83848,User
194073,23188,Tweet,71140,User
194074,23218,Tweet,72198,User
194075,23237,Tweet,96535,User
194076,23317,Tweet,88246,User
194077,23358,Tweet,76398,User
194078,23434,Tweet,76474,User
194079,23439,Tweet,76553,User
194080,23460,Tweet,76498,User
194081,23527,Tweet,57692,User
194082,23529,Tweet,64465,User
194083,23566,Tweet,96724,User
194084,23605,Tweet,69101,User
194085,23774,Tweet,98515,User
194086,23791,Tweet,96724,User
194087,23847,Tweet,89743,User
194088,23882,Tweet,76593,User
194089,23897,Tweet,83848,User
194090,24056,Tweet,96724,User
194091,24070,Tweet,95323,User
194092,24140,Tweet,77145,User
194093,24152,Tweet,94491,User
194094,24153,Tweet,82941,User
194095,24189,Tweet,77194,User
194096,24190,Tweet,76583,User
194097,24192,Tweet,97610,User
194098,24199,Tweet,96724,User
194099,24200,Tweet,83848,User
194100,24211,Tweet,64465,User
194101,24331,Tweet,96724,User
194102,24335,Tweet,57692,User
194103,24344,Tweet,94762,User
194104,24416,Tweet,77414,User
194105,24424,Tweet,77421,User
194106,24506,Tweet,77500,User
194107,24581,Tweet,77572,User
194108,24733,Tweet,77718,User
194109,24907,Tweet,77885,User
194110,24980,Tweet,76553,User
194111,25033,Tweet,98744,User
194112,25097,Tweet,89442,User
194113,25227,Tweet,78184,User
194114,25245,Tweet,78200,User
194115,25249,Tweet,70099,User
194116,25272,Tweet,78224,User
194117,25281,Tweet,78233,User
194118,25332,Tweet,89105,User
194119,25413,Tweet,83848,User
194120,25496,Tweet,99147,User
194121,25512,Tweet,78900,User
194122,25562,Tweet,96724,User
194123,25710,Tweet,78627,User
194124,25734,Tweet,78648,User
194125,25761,Tweet,78671,User
194126,25773,Tweet,97839,User
194127,25820,Tweet,78224,User
194128,25913,Tweet,78812,User
194129,26063,Tweet,97702,User
194130,26153,Tweet,79038,User
194131,26227,Tweet,79104,User
194132,26260,Tweet,96153,User
194133,26337,Tweet,91422,User
194134,26405,Tweet,57692,User
194135,26519,Tweet,88206,User
194136,26560,Tweet,89460,User
194137,26599,Tweet,79449,User
194138,27036,Tweet,96981,User
194139,27118,Tweet,79898,User
194140,27119,Tweet,79897,User
194141,27223,Tweet,79984,User
194142,27304,Tweet,96464,User
194143,27351,Tweet,80088,User
194144,27439,Tweet,99430,User
194145,27473,Tweet,80183,User
194146,27804,Tweet,98798,User
194147,27853,Tweet,98769,User
194148,27873,Tweet,60783,User
194149,27879,Tweet,99479,User
194150,28059,Tweet,96153,User
194151,28060,Tweet,58367,User
194152,28221,Tweet,71473,User
194153,28223,Tweet,63007,User
194154,28243,Tweet,80857,User
194155,28281,Tweet,97773,User
194156,28301,Tweet,80899,User
194157,28347,Tweet,96943,User
194158,28357,Tweet,80953,User
194159,28359,Tweet,80955,User
194160,28381,Tweet,96724,User
194161,28431,Tweet,98699,User
194162,28442,Tweet,96844,User
194163,28467,Tweet,81654,User
194164,28489,Tweet,81077,User
194165,28494,Tweet,81082,User
194166,28561,Tweet,81146,User
194167,28580,Tweet,96534,User
194168,28581,Tweet,81166,User
194169,28608,Tweet,96724,User
194170,28614,Tweet,81196,User
194171,28640,Tweet,81146,User
194172,28669,Tweet,97140,User
194173,28704,Tweet,81273,User
194174,28712,Tweet,81281,User
194175,28762,Tweet,97614,User
194176,28787,Tweet,81351,User
194177,28823,Tweet,96724,User
194178,28867,Tweet,76430,User
194179,28881,Tweet,81281,User
194180,28885,Tweet,96787,User
194181,28915,Tweet,81281,User
194182,28921,Tweet,81462,User
194183,28938,Tweet,81478,User
194184,28997,Tweet,81000,User
194185,29034,Tweet,81556,User
194186,29049,Tweet,96785,User
194187,29060,Tweet,88268,User
194188,29064,Tweet,81581,User
194189,29093,Tweet,81604,User
194190,29120,Tweet,64463,User
194191,29124,Tweet,81626,User
194192,29127,Tweet,58097,User
194193,29182,Tweet,81674,User
194194,29220,Tweet,96814,User
194195,29232,Tweet,80899,User
194196,29233,Tweet,81127,User
194197,29250,Tweet,81727,User
194198,29254,Tweet,81729,User
194199,29277,Tweet,81749,User
194200,29391,Tweet,81838,User
194201,29393,Tweet,81729,User
194202,29402,Tweet,81196,User
194203,29415,Tweet,81856,User
194204,29418,Tweet,98541,User
194205,29422,Tweet,92817,User
194206,29433,Tweet,74469,User
194207,29441,Tweet,96724,User
194208,29443,Tweet,96781,User
194209,29453,Tweet,81232,User
194210,29460,Tweet,81232,User
194211,29466,Tweet,96877,User
194212,29485,Tweet,97305,User
194213,29493,Tweet,96899,User
194214,29509,Tweet,81232,User
194215,29513,Tweet,81933,User
194216,29521,Tweet,81014,User
194217,29544,Tweet,81956,User
194218,29562,Tweet,81273,User
194219,29636,Tweet,95361,User
194220,29642,Tweet,81759,User
194221,29762,Tweet,81729,User
194222,29777,Tweet,82131,User
194223,29791,Tweet,81146,User
194224,29794,Tweet,96724,User
194225,29807,Tweet,82153,User
194226,29846,Tweet,81196,User
194227,29852,Tweet,81196,User
194228,29894,Tweet,96724,User
194229,29934,Tweet,96512,User
194230,29950,Tweet,97609,User
194231,29978,Tweet,80899,User
194232,29998,Tweet,81407,User
194233,30030,Tweet,82301,User
194234,30033,Tweet,83848,User
194235,30047,Tweet,80978,User
194236,30067,Tweet,82329,User
194237,30074,Tweet,82335,User
194238,30133,Tweet,82379,User
194239,30136,Tweet,82382,User
194240,30165,Tweet,82399,User
194241,30199,Tweet,81462,User
194242,30220,Tweet,96824,User
194243,30235,Tweet,81474,User
194244,30247,Tweet,96787,User
194245,30253,Tweet,96871,User
194246,30281,Tweet,76430,User
194247,30295,Tweet,56621,User
194248,30315,Tweet,82767,User
194249,30347,Tweet,98422,User
194250,30356,Tweet,59611,User
194251,30371,Tweet,82543,User
194252,30392,Tweet,80899,User
194253,30422,Tweet,81883,User
194254,30483,Tweet,80926,User
194255,30504,Tweet,81246,User
194256,30535,Tweet,82657,User
194257,30538,Tweet,81654,User
194258,30576,Tweet,92992,User
194259,30583,Tweet,81281,User
194260,30586,Tweet,81637,User
194261,30599,Tweet,57692,User
194262,30625,Tweet,81462,User
194263,30650,Tweet,82726,User
194264,30662,Tweet,82731,User
194265,30667,Tweet,82735,User
194266,30669,Tweet,96787,User
194267,30680,Tweet,96512,User
194268,30707,Tweet,97476,User
194269,30719,Tweet,81600,User
194270,30725,Tweet,82211,User
194271,30748,Tweet,82793,User
194272,30793,Tweet,81127,User
194273,30906,Tweet,82915,User
194274,30910,Tweet,59890,User
194275,30912,Tweet,59890,User
194276,30919,Tweet,82935,User
194277,30945,Tweet,57692,User
194278,30984,Tweet,83000,User
194279,30986,Tweet,57692,User
194280,31043,Tweet,96724,User
194281,31051,Tweet,88246,User
194282,31121,Tweet,57692,User
194283,31142,Tweet,82952,User
194284,31144,Tweet,88246,User
194285,31150,Tweet,83157,User
194286,31151,Tweet,96822,User
194287,31164,Tweet,82929,User
194288,31167,Tweet,96724,User
194289,31235,Tweet,64465,User
194290,31250,Tweet,83848,User
194291,31275,Tweet,83307,User
194292,31279,Tweet,83280,User
194293,31281,Tweet,83848,User
194294,31282,Tweet,82973,User
194295,31361,Tweet,84754,User
194296,31402,Tweet,96724,User
194297,31415,Tweet,83848,User
194298,31455,Tweet,83848,User
194299,31472,Tweet,97669,User
194300,31473,Tweet,83464,User
194301,31479,Tweet,83470,User
194302,31480,Tweet,92817,User
194303,31495,Tweet,83848,User
194304,31496,Tweet,64498,User
194305,31518,Tweet,57692,User
194306,31578,Tweet,57692,User
194307,31614,Tweet,83123,User
194308,31626,Tweet,83606,User
194309,31659,Tweet,96724,User
194310,31673,Tweet,98968,User
194311,31701,Tweet,57692,User
194312,31718,Tweet,83602,User
194313,31762,Tweet,97069,User
194314,31776,Tweet,83752,User
194315,31777,Tweet,84754,User
194316,31834,Tweet,88246,User
194317,31861,Tweet,83233,User
194318,31866,Tweet,94737,User
194319,31891,Tweet,97614,User
194320,31903,Tweet,57692,User
194321,31914,Tweet,88246,User
194322,31935,Tweet,83848,User
194323,31940,Tweet,76553,User
194324,31981,Tweet,83848,User
194325,32000,Tweet,89442,User
194326,32022,Tweet,84754,User
194327,32042,Tweet,57692,User
194328,32101,Tweet,83848,User
194329,32106,Tweet,97096,User
194330,32112,Tweet,83848,User
194331,32123,Tweet,84053,User
194332,32132,Tweet,83848,User
194333,32159,Tweet,84754,User
194334,32171,Tweet,84098,User
194335,32195,Tweet,88246,User
194336,32198,Tweet,96724,User
194337,32209,Tweet,83949,User
194338,32212,Tweet,83605,User
194339,32234,Tweet,83676,User
194340,32242,Tweet,84165,User
194341,32255,Tweet,91984,User
194342,32284,Tweet,83307,User
194343,32303,Tweet,57692,User
194344,32313,Tweet,84229,User
194345,32334,Tweet,84079,User
194346,32346,Tweet,84260,User
194347,32421,Tweet,83848,User
194348,32450,Tweet,96724,User
194349,32466,Tweet,84711,User
194350,32577,Tweet,99133,User
194351,32687,Tweet,84754,User
194352,32728,Tweet,84066,User
194353,32737,Tweet,94737,User
194354,32738,Tweet,76553,User
194355,32865,Tweet,57692,User
194356,32895,Tweet,82908,User
194357,32931,Tweet,84754,User
194358,33069,Tweet,84921,User
194359,33161,Tweet,83046,User
194360,33213,Tweet,85051,User
194361,33261,Tweet,85093,User
194362,33282,Tweet,96950,User
194363,33289,Tweet,58787,User
194364,33309,Tweet,85241,User
194365,33313,Tweet,85214,User
194366,33333,Tweet,61034,User
194367,33335,Tweet,98169,User
194368,33341,Tweet,87507,User
194369,33342,Tweet,67357,User
194370,33344,Tweet,85168,User
194371,33347,Tweet,85816,User
194372,33359,Tweet,86645,User
194373,33374,Tweet,85154,User
194374,33389,Tweet,85145,User
194375,33477,Tweet,85398,User
194376,33527,Tweet,87312,User
194377,33532,Tweet,87312,User
194378,33538,Tweet,87507,User
194379,33541,Tweet,61489,User
194380,33543,Tweet,85148,User
194381,33557,Tweet,85123,User
194382,33580,Tweet,85471,User
194383,33584,Tweet,85147,User
194384,33787,Tweet,85174,User
194385,33808,Tweet,85174,User
194386,33830,Tweet,99665,User
194387,33834,Tweet,85145,User
194388,33835,Tweet,87456,User
194389,33843,Tweet,85296,User
194390,33944,Tweet,85350,User
194391,33950,Tweet,85340,User
194392,33965,Tweet,86176,User
194393,34043,Tweet,85402,User
194394,34047,Tweet,85402,User
194395,34096,Tweet,85174,User
194396,34110,Tweet,85174,User
194397,34112,Tweet,61349,User
194398,34125,Tweet,96943,User
194399,34155,Tweet,86598,User
194400,34193,Tweet,85393,User
194401,34214,Tweet,96929,User
194402,34225,Tweet,85485,User
194403,34265,Tweet,85177,User
194404,34314,Tweet,96937,User
194405,34403,Tweet,87456,User
194406,34430,Tweet,85174,User
194407,34445,Tweet,67357,User
194408,34464,Tweet,85686,User
194409,34482,Tweet,85177,User
194410,34586,Tweet,85752,User
194411,34591,Tweet,96937,User
194412,34593,Tweet,96943,User
194413,34594,Tweet,67357,User
194414,34632,Tweet,85200,User
194415,34653,Tweet,96943,User
194416,34661,Tweet,85174,User
194417,34670,Tweet,96943,User
194418,34714,Tweet,85200,User
194419,34779,Tweet,85303,User
194420,34865,Tweet,85369,User
194421,34910,Tweet,85303,User
194422,34935,Tweet,96942,User
194423,34963,Tweet,85177,User
194424,34971,Tweet,73795,User
194425,34978,Tweet,85230,User
194426,34990,Tweet,86111,User
194427,35011,Tweet,85340,User
194428,35027,Tweet,61536,User
194429,35091,Tweet,85174,User
194430,35094,Tweet,61029,User
194431,35117,Tweet,96943,User
194432,35135,Tweet,61544,User
194433,35136,Tweet,96943,User
194434,35155,Tweet,86111,User
194435,35156,Tweet,87456,User
194436,35175,Tweet,85597,User
194437,35186,Tweet,87456,User
194438,35206,Tweet,85177,User
194439,35211,Tweet,85865,User
194440,35223,Tweet,85885,User
194441,35258,Tweet,86176,User
194442,35274,Tweet,86206,User
194443,35275,Tweet,85323,User
194444,35286,Tweet,85696,User
194445,35288,Tweet,85208,User
194446,35302,Tweet,86188,User
194447,35309,Tweet,73795,User
194448,35321,Tweet,86176,User
194449,35371,Tweet,86176,User
194450,35402,Tweet,61029,User
194451,35469,Tweet,86176,User
194452,35516,Tweet,85174,User
194453,35525,Tweet,86280,User
194454,35535,Tweet,96943,User
194455,35577,Tweet,61321,User
194456,35578,Tweet,73784,User
194457,35579,Tweet,86177,User
194458,35604,Tweet,85147,User
194459,35614,Tweet,85174,User
194460,35646,Tweet,86176,User
194461,35673,Tweet,85503,User
194462,35685,Tweet,86420,User
194463,35696,Tweet,96943,User
194464,35709,Tweet,86467,User
194465,35711,Tweet,86188,User
194466,35749,Tweet,87507,User
194467,35766,Tweet,73795,User
194468,35779,Tweet,61536,User
194469,35782,Tweet,87456,User
194470,35798,Tweet,86646,User
194471,35827,Tweet,87307,User
194472,35828,Tweet,87013,User
194473,35838,Tweet,86595,User
194474,35858,Tweet,86646,User
194475,35870,Tweet,87526,User
194476,35875,Tweet,60937,User
194477,35881,Tweet,86594,User
194478,35920,Tweet,86626,User
194479,35936,Tweet,86683,User
194480,35959,Tweet,86558,User
194481,35969,Tweet,85337,User
194482,35983,Tweet,86565,User
194483,36016,Tweet,86692,User
194484,36026,Tweet,87132,User
194485,36057,Tweet,86719,User
194486,36071,Tweet,86565,User
194487,36073,Tweet,86611,User
194488,36074,Tweet,86527,User
194489,36085,Tweet,86176,User
194490,36094,Tweet,86743,User
194491,36110,Tweet,86751,User
194492,36117,Tweet,86637,User
194493,36121,Tweet,86758,User
194494,36126,Tweet,85461,User
194495,36143,Tweet,86565,User
194496,36146,Tweet,86176,User
194497,36160,Tweet,86637,User
194498,36162,Tweet,86526,User
194499,36185,Tweet,86796,User
194500,36187,Tweet,86797,User
194501,36191,Tweet,86637,User
194502,36206,Tweet,86565,User
194503,36208,Tweet,96968,User
194504,36213,Tweet,86565,User
194505,36228,Tweet,86565,User
194506,36229,Tweet,86653,User
194507,36236,Tweet,86558,User
194508,36240,Tweet,85847,User
194509,36253,Tweet,86526,User
194510,36267,Tweet,86637,User
194511,36298,Tweet,86526,User
194512,36299,Tweet,86833,User
194513,36306,Tweet,87145,User
194514,36318,Tweet,86913,User
194515,36321,Tweet,86565,User
194516,36342,Tweet,86637,User
194517,36344,Tweet,86890,User
194518,36351,Tweet,87105,User
194519,36354,Tweet,86896,User
194520,36364,Tweet,86701,User
194521,36381,Tweet,86558,User
194522,36391,Tweet,86646,User
194523,36392,Tweet,87601,User
194524,36397,Tweet,86922,User
194525,36406,Tweet,86854,User
194526,36424,Tweet,86934,User
194527,36426,Tweet,86637,User
194528,36435,Tweet,86937,User
194529,36486,Tweet,86971,User
194530,36490,Tweet,61084,User
194531,36492,Tweet,86974,User
194532,36502,Tweet,86979,User
194533,36508,Tweet,61084,User
194534,36516,Tweet,73795,User
194535,36517,Tweet,86565,User
194536,36530,Tweet,86993,User
194537,36549,Tweet,86565,User
194538,36568,Tweet,87014,User
194539,36572,Tweet,87017,User
194540,36575,Tweet,96943,User
194541,36578,Tweet,86637,User
194542,36588,Tweet,85195,User
194543,36592,Tweet,86721,User
194544,36594,Tweet,86591,User
194545,36605,Tweet,96943,User
194546,36609,Tweet,86646,User
194547,36610,Tweet,86902,User
194548,36623,Tweet,85542,User
194549,36626,Tweet,86565,User
194550,36639,Tweet,87056,User
194551,36640,Tweet,97003,User
194552,36655,Tweet,87120,User
194553,36659,Tweet,61084,User
194554,36675,Tweet,87068,User
194555,36687,Tweet,85195,User
194556,36691,Tweet,87076,User
194557,36694,Tweet,86913,User
194558,36713,Tweet,86972,User
194559,36724,Tweet,86837,User
194560,36758,Tweet,86937,User
194561,36764,Tweet,87124,User
194562,36765,Tweet,73795,User
194563,36780,Tweet,87132,User
194564,36785,Tweet,61205,User
194565,36791,Tweet,85515,User
194566,36792,Tweet,86565,User
194567,36793,Tweet,61315,User
194568,36798,Tweet,87145,User
194569,36802,Tweet,86132,User
194570,36814,Tweet,87017,User
194571,36815,Tweet,86565,User
194572,36816,Tweet,87155,User
194573,36820,Tweet,91037,User
194574,36826,Tweet,87160,User
194575,36837,Tweet,86591,User
194576,36838,Tweet,85195,User
194577,36857,Tweet,86837,User
194578,36877,Tweet,86837,User
194579,36884,Tweet,86637,User
194580,36892,Tweet,87456,User
194581,36901,Tweet,61084,User
194582,36929,Tweet,86966,User
194583,36931,Tweet,87017,User
194584,36953,Tweet,86646,User
194585,36972,Tweet,86637,User
194586,37000,Tweet,73784,User
194587,37011,Tweet,86565,User
194588,37016,Tweet,86565,User
194589,37031,Tweet,86565,User
194590,37042,Tweet,85508,User
194591,37048,Tweet,61084,User
194592,37056,Tweet,86837,User
194593,37081,Tweet,86565,User
194594,37084,Tweet,87043,User
194595,37086,Tweet,86565,User
194596,37097,Tweet,86626,User
194597,37108,Tweet,86837,User
194598,37118,Tweet,86937,User
194599,37120,Tweet,87299,User
194600,37136,Tweet,87309,User
194601,37137,Tweet,96943,User
194602,37168,Tweet,85814,User
194603,37174,Tweet,96992,User
194604,37179,Tweet,86646,User
194605,37188,Tweet,75812,User
194606,37201,Tweet,86561,User
194607,37211,Tweet,61349,User
194608,37218,Tweet,96943,User
194609,37225,Tweet,87351,User
194610,37226,Tweet,87352,User
194611,37230,Tweet,87017,User
194612,37246,Tweet,87526,User
194613,37249,Tweet,87363,User
194614,37254,Tweet,87456,User
194615,37262,Tweet,86819,User
194616,37285,Tweet,87380,User
194617,37287,Tweet,96943,User
194618,37293,Tweet,87812,User
194619,37296,Tweet,86717,User
194620,37299,Tweet,87096,User
194621,37305,Tweet,87393,User
194622,37315,Tweet,86837,User
194623,37316,Tweet,61084,User
194624,37318,Tweet,86565,User
194625,37327,Tweet,87402,User
194626,37331,Tweet,86565,User
194627,37335,Tweet,86646,User
194628,37339,Tweet,61189,User
194629,37349,Tweet,86646,User
194630,37362,Tweet,87426,User
194631,37370,Tweet,86833,User
194632,37388,Tweet,61512,User
194633,37390,Tweet,86039,User
194634,37395,Tweet,86645,User
194635,37400,Tweet,85134,User
194636,37401,Tweet,86646,User
194637,37412,Tweet,86789,User
194638,37431,Tweet,86646,User
194639,37439,Tweet,87464,User
194640,37458,Tweet,86637,User
194641,37473,Tweet,87013,User
194642,37476,Tweet,87480,User
194643,37478,Tweet,87482,User
194644,37480,Tweet,87812,User
194645,37511,Tweet,85257,User
194646,37513,Tweet,87494,User
194647,37524,Tweet,87137,User
194648,37534,Tweet,85134,User
194649,37539,Tweet,87453,User
194650,37556,Tweet,74628,User
194651,37560,Tweet,86993,User
194652,37562,Tweet,86837,User
194653,37569,Tweet,87524,User
194654,37570,Tweet,87450,User
194655,37575,Tweet,86913,User
194656,37577,Tweet,86800,User
194657,37588,Tweet,86637,User
194658,37598,Tweet,91471,User
194659,37603,Tweet,91471,User
194660,37607,Tweet,86646,User
194661,37618,Tweet,87550,User
194662,37622,Tweet,96984,User
194663,37630,Tweet,86132,User
194664,37635,Tweet,73795,User
194665,37641,Tweet,98136,User
194666,37655,Tweet,87014,User
194667,37659,Tweet,86565,User
194668,37690,Tweet,87588,User
194669,37692,Tweet,87590,User
194670,37710,Tweet,87602,User
194671,37714,Tweet,86337,User
194672,37717,Tweet,85542,User
194673,37718,Tweet,86719,User
194674,37724,Tweet,61544,User
194675,37735,Tweet,87723,User
194676,37739,Tweet,87013,User
194677,37750,Tweet,87271,User
194678,37764,Tweet,86719,User
194679,37773,Tweet,86558,User
194680,37788,Tweet,86827,User
194681,37790,Tweet,86637,User
194682,37800,Tweet,86862,User
194683,37801,Tweet,87456,User
194684,37810,Tweet,87638,User
194685,37821,Tweet,86833,User
194686,37841,Tweet,86132,User
194687,37842,Tweet,59388,User
194688,37845,Tweet,87658,User
194689,37851,Tweet,86837,User
194690,37857,Tweet,87477,User
194691,37876,Tweet,86789,User
194692,37887,Tweet,87677,User
194693,37889,Tweet,85195,User
194694,37891,Tweet,86837,User
194695,37902,Tweet,86565,User
194696,37910,Tweet,73795,User
194697,37912,Tweet,85134,User
194698,37928,Tweet,86719,User
194699,37949,Tweet,86637,User
194700,37950,Tweet,86646,User
194701,37956,Tweet,86626,User
194702,37959,Tweet,87714,User
194703,37971,Tweet,86937,User
194704,37972,Tweet,87468,User
194705,37981,Tweet,61315,User
194706,37999,Tweet,86646,User
194707,38010,Tweet,85317,User
194708,38029,Tweet,86565,User
194709,38041,Tweet,87754,User
194710,38055,Tweet,86937,User
194711,38062,Tweet,86555,User
194712,38071,Tweet,96943,User
194713,38081,Tweet,86646,User
194714,38085,Tweet,87013,User
194715,38105,Tweet,86176,User
194716,38106,Tweet,87781,User
194717,38109,Tweet,86637,User
194718,38119,Tweet,87787,User
194719,38122,Tweet,86565,User
194720,38124,Tweet,86719,User
194721,38129,Tweet,86430,User
194722,38130,Tweet,86637,User
194723,38135,Tweet,86132,User
194724,38142,Tweet,86637,User
194725,38145,Tweet,86004,User
194726,38147,Tweet,86611,User
194727,38148,Tweet,61304,User
194728,38171,Tweet,86637,User
194729,38174,Tweet,86565,User
194730,38191,Tweet,87817,User
194731,38200,Tweet,86565,User
194732,38210,Tweet,85195,User
194733,38211,Tweet,86646,User
194734,38212,Tweet,61084,User
194735,38215,Tweet,86719,User
194736,38254,Tweet,85195,User
194737,38255,Tweet,86176,User
194738,38256,Tweet,87482,User
194739,38264,Tweet,86555,User
194740,38269,Tweet,87855,User
194741,38281,Tweet,86646,User
194742,38286,Tweet,86594,User
194743,38289,Tweet,83848,User
194744,38312,Tweet,85515,User
194745,38351,Tweet,87919,User
194746,38352,Tweet,87920,User
194747,38398,Tweet,87960,User
194748,38409,Tweet,62126,User
194749,38470,Tweet,88021,User
194750,38476,Tweet,87936,User
194751,38493,Tweet,87936,User
194752,38503,Tweet,88046,User
194753,38508,Tweet,88050,User
194754,38510,Tweet,80778,User
194755,38579,Tweet,88021,User
194756,38601,Tweet,88120,User
194757,38609,Tweet,88124,User
194758,38627,Tweet,93065,User
194759,38638,Tweet,88145,User
194760,38642,Tweet,88269,User
194761,38660,Tweet,75165,User
194762,38688,Tweet,63201,User
194763,38701,Tweet,59388,User
194764,38723,Tweet,88206,User
194765,38727,Tweet,87936,User
194766,38744,Tweet,88221,User
194767,38763,Tweet,88237,User
194768,38793,Tweet,88258,User
194769,38849,Tweet,87681,User
194770,38854,Tweet,88560,User
194771,38895,Tweet,67317,User
194772,38897,Tweet,88510,User
194773,38931,Tweet,88563,User
194774,38972,Tweet,80778,User
194775,39010,Tweet,57899,User
194776,39030,Tweet,96724,User
194777,39032,Tweet,88422,User
194778,39036,Tweet,97698,User
194779,39071,Tweet,88449,User
194780,39075,Tweet,88021,User
194781,39081,Tweet,88454,User
194782,39100,Tweet,75165,User
194783,39107,Tweet,87919,User
194784,39134,Tweet,88051,User
194785,39194,Tweet,88237,User
194786,39196,Tweet,88539,User
194787,39262,Tweet,88044,User
194788,39264,Tweet,88584,User
194789,39265,Tweet,88585,User
194790,39316,Tweet,88618,User
194791,39328,Tweet,88206,User
194792,39361,Tweet,89375,User
194793,39368,Tweet,88654,User
194794,39370,Tweet,88656,User
194795,39389,Tweet,88505,User
194796,39400,Tweet,88672,User
194797,39485,Tweet,88246,User
194798,39504,Tweet,96724,User
194799,39528,Tweet,69640,User
194800,39542,Tweet,88414,User
194801,39553,Tweet,86737,User
194802,39555,Tweet,88237,User
194803,39568,Tweet,87936,User
194804,39594,Tweet,88841,User
194805,39601,Tweet,88804,User
194806,39618,Tweet,88812,User
194807,39630,Tweet,88206,User
194808,39644,Tweet,88256,User
194809,39651,Tweet,88833,User
194810,39654,Tweet,87990,User
194811,39655,Tweet,88539,User
194812,39662,Tweet,86561,User
194813,39679,Tweet,89294,User
194814,39687,Tweet,87882,User
194815,39744,Tweet,69101,User
194816,39806,Tweet,89060,User
194817,39816,Tweet,88909,User
194818,39870,Tweet,88968,User
194819,39873,Tweet,88970,User
194820,39888,Tweet,65894,User
194821,39907,Tweet,88997,User
194822,39932,Tweet,97044,User
194823,39956,Tweet,87893,User
194824,39962,Tweet,88206,User
194825,39995,Tweet,70099,User
194826,40020,Tweet,89064,User
194827,40033,Tweet,89071,User
194828,40047,Tweet,87936,User
194829,40062,Tweet,88585,User
194830,40076,Tweet,89099,User
194831,40099,Tweet,88150,User
194832,40115,Tweet,88454,User
194833,40116,Tweet,89394,User
194834,40132,Tweet,88514,User
194835,40145,Tweet,86737,User
194836,40148,Tweet,89143,User
194837,40171,Tweet,89159,User
194838,40172,Tweet,79524,User
194839,40175,Tweet,88998,User
194840,40209,Tweet,88021,User
194841,40216,Tweet,87954,User
194842,40227,Tweet,69640,User
194843,40265,Tweet,97041,User
194844,40298,Tweet,73795,User
194845,40314,Tweet,88585,User
194846,40335,Tweet,89245,User
194847,40344,Tweet,88560,User
194848,40347,Tweet,99521,User
194849,40355,Tweet,88454,User
194850,40357,Tweet,88454,User
194851,40360,Tweet,80778,User
194852,40384,Tweet,89273,User
194853,40405,Tweet,88044,User
194854,40408,Tweet,89289,User
194855,40422,Tweet,89057,User
194856,40440,Tweet,88503,User
194857,40451,Tweet,63201,User
194858,40461,Tweet,89316,User
194859,40484,Tweet,89334,User
194860,40502,Tweet,88021,User
194861,40549,Tweet,88422,User
194862,40561,Tweet,88078,User
194863,40596,Tweet,75165,User
194864,40597,Tweet,89011,User
194865,40654,Tweet,88422,User
194866,40655,Tweet,89439,User
194867,40661,Tweet,88876,User
194868,40669,Tweet,58742,User
194869,40683,Tweet,88881,User
194870,40687,Tweet,97009,User
194871,40734,Tweet,89485,User
194872,40772,Tweet,89083,User
194873,40780,Tweet,93367,User
194874,40788,Tweet,62177,User
194875,40816,Tweet,97054,User
194876,40824,Tweet,97056,User
194877,40825,Tweet,89637,User
194878,40837,Tweet,58338,User
194879,40861,Tweet,89557,User
194880,40903,Tweet,58578,User
194881,40918,Tweet,89637,User
194882,40939,Tweet,97054,User
194883,40946,Tweet,89649,User
194884,40947,Tweet,65677,User
194885,40949,Tweet,58780,User
194886,40984,Tweet,89680,User
194887,40986,Tweet,62177,User
194888,41010,Tweet,58338,User
194889,41036,Tweet,89717,User
194890,41046,Tweet,78224,User
194891,41054,Tweet,88246,User
194892,41074,Tweet,89745,User
194893,41096,Tweet,65491,User
194894,41117,Tweet,58596,User
194895,41133,Tweet,64670,User
194896,41157,Tweet,88229,User
194897,41159,Tweet,89813,User
194898,41168,Tweet,65677,User
194899,41184,Tweet,89830,User
194900,41250,Tweet,89881,User
194901,41251,Tweet,78224,User
194902,41261,Tweet,89890,User
194903,41285,Tweet,89546,User
194904,41319,Tweet,68037,User
194905,41333,Tweet,87982,User
194906,41339,Tweet,62177,User
194907,41347,Tweet,87957,User
194908,41361,Tweet,58597,User
194909,41398,Tweet,58845,User
194910,41409,Tweet,58597,User
194911,41449,Tweet,58597,User
194912,41453,Tweet,90036,User
194913,41456,Tweet,90038,User
194914,41508,Tweet,58845,User
194915,41534,Tweet,88454,User
194916,41542,Tweet,58596,User
194917,41545,Tweet,90109,User
194918,41558,Tweet,89637,User
194919,41568,Tweet,90138,User
194920,41583,Tweet,89637,User
194921,41612,Tweet,90156,User
194922,41645,Tweet,58501,User
194923,41656,Tweet,96724,User
194924,41661,Tweet,97054,User
194925,41666,Tweet,58597,User
194926,41689,Tweet,97051,User
194927,41723,Tweet,58578,User
194928,41727,Tweet,90246,User
194929,41740,Tweet,90257,User
194930,41742,Tweet,58596,User
194931,41748,Tweet,97054,User
194932,41756,Tweet,90267,User
194933,41767,Tweet,90277,User
194934,41796,Tweet,78224,User
194935,41833,Tweet,90329,User
194936,41839,Tweet,58338,User
194937,41860,Tweet,87681,User
194938,41889,Tweet,90368,User
194939,41897,Tweet,90374,User
194940,41914,Tweet,89915,User
194941,41919,Tweet,90392,User
194942,41965,Tweet,58578,User
194943,41986,Tweet,89546,User
194944,42006,Tweet,58597,User
194945,42007,Tweet,90460,User
194946,42011,Tweet,65056,User
194947,42021,Tweet,97979,User
194948,42049,Tweet,58501,User
194949,42076,Tweet,90512,User
194950,42105,Tweet,89647,User
194951,42107,Tweet,58501,User
194952,42121,Tweet,97051,User
194953,42136,Tweet,90554,User
194954,42183,Tweet,90590,User
194955,42195,Tweet,90600,User
194956,42203,Tweet,97979,User
194957,42226,Tweet,90625,User
194958,42240,Tweet,96195,User
194959,42245,Tweet,90230,User
194960,42261,Tweet,58597,User
194961,42264,Tweet,89870,User
194962,42279,Tweet,78224,User
194963,42299,Tweet,90671,User
194964,42331,Tweet,90690,User
194965,42356,Tweet,90709,User
194966,42367,Tweet,89546,User
194967,42390,Tweet,58597,User
194968,42433,Tweet,70099,User
194969,42441,Tweet,58597,User
194970,42454,Tweet,90779,User
194971,42456,Tweet,90138,User
194972,42461,Tweet,90554,User
194973,42497,Tweet,88454,User
194974,42498,Tweet,58597,User
194975,42534,Tweet,87681,User
194976,42549,Tweet,58338,User
194977,42568,Tweet,90138,User
194978,42578,Tweet,65677,User
194979,42583,Tweet,58597,User
194980,42586,Tweet,58597,User
194981,42587,Tweet,90866,User
194982,42619,Tweet,58597,User
194983,42637,Tweet,90899,User
194984,42640,Tweet,90901,User
194985,42669,Tweet,63007,User
194986,42670,Tweet,90922,User
194987,42685,Tweet,58597,User
194988,42728,Tweet,90966,User
194989,42730,Tweet,97054,User
194990,42736,Tweet,78224,User
194991,42762,Tweet,88472,User
194992,42798,Tweet,58484,User
194993,42833,Tweet,90402,User
194994,42866,Tweet,89637,User
194995,42871,Tweet,89857,User
194996,42883,Tweet,91076,User
194997,42908,Tweet,91093,User
194998,42927,Tweet,91105,User
194999,42980,Tweet,91145,User
195000,42982,Tweet,71473,User
195001,42983,Tweet,87982,User
195002,42995,Tweet,91154,User
195003,43069,Tweet,91210,User
195004,43082,Tweet,78224,User
195005,43091,Tweet,90554,User
195006,43092,Tweet,78224,User
195007,43102,Tweet,88099,User
195008,43107,Tweet,91236,User
195009,43126,Tweet,58501,User
195010,43198,Tweet,65056,User
195011,43211,Tweet,65677,User
195012,43266,Tweet,91339,User
195013,43267,Tweet,90478,User
195014,43288,Tweet,96724,User
195015,43300,Tweet,96724,User
195016,43347,Tweet,96724,User
195017,43352,Tweet,96724,User
195018,43369,Tweet,96724,User
195019,43427,Tweet,96724,User
195020,43430,Tweet,96724,User
195021,43505,Tweet,96724,User
195022,43522,Tweet,96724,User
195023,43525,Tweet,96724,User
195024,43540,Tweet,91576,User
195025,43547,Tweet,96724,User
195026,43577,Tweet,96724,User
195027,43605,Tweet,91629,User
195028,43617,Tweet,96724,User
195029,43646,Tweet,96724,User
195030,43658,Tweet,91675,User
195031,43661,Tweet,96724,User
195032,43683,Tweet,96724,User
195033,43697,Tweet,91708,User
195034,43713,Tweet,96724,User
195035,43714,Tweet,57714,User
195036,43726,Tweet,96724,User
195037,43733,Tweet,91738,User
195038,43739,Tweet,96712,User
195039,43775,Tweet,96724,User
195040,43811,Tweet,96724,User
195041,43832,Tweet,91830,User
195042,43833,Tweet,91831,User
195043,43838,Tweet,96724,User
195044,43852,Tweet,96724,User
195045,43873,Tweet,96724,User
195046,43892,Tweet,96724,User
195047,43899,Tweet,96724,User
195048,43911,Tweet,96724,User
195049,43925,Tweet,72572,User
195050,43947,Tweet,96724,User
195051,43953,Tweet,96724,User
195052,43960,Tweet,96724,User
195053,43990,Tweet,97087,User
195054,44012,Tweet,96724,User
195055,44020,Tweet,96724,User
195056,44033,Tweet,96724,User
195057,44048,Tweet,64465,User
195058,44067,Tweet,96724,User
195059,44070,Tweet,57775,User
195060,44073,Tweet,96724,User
195061,44077,Tweet,58969,User
195062,44078,Tweet,96724,User
195063,44080,Tweet,96724,User
195064,44084,Tweet,88457,User
195065,44088,Tweet,96724,User
195066,44104,Tweet,64465,User
195067,44117,Tweet,92096,User
195068,44140,Tweet,96724,User
195069,44148,Tweet,96724,User
195070,44154,Tweet,96724,User
195071,44168,Tweet,57714,User
195072,44202,Tweet,96724,User
195073,44216,Tweet,96724,User
195074,44248,Tweet,96724,User
195075,44260,Tweet,96724,User
195076,44274,Tweet,96724,User
195077,44319,Tweet,96724,User
195078,44332,Tweet,96724,User
195079,44373,Tweet,96724,User
195080,44375,Tweet,96724,User
195081,44405,Tweet,96724,User
195082,44428,Tweet,96724,User
195083,44474,Tweet,94737,User
195084,44479,Tweet,96724,User
195085,44491,Tweet,96724,User
195086,44509,Tweet,96871,User
195087,44534,Tweet,96724,User
195088,44541,Tweet,96724,User
195089,44585,Tweet,91037,User
195090,44586,Tweet,96724,User
195091,44638,Tweet,96724,User
195092,44691,Tweet,96724,User
195093,44696,Tweet,96724,User
195094,44716,Tweet,96724,User
195095,44739,Tweet,96724,User
195096,44746,Tweet,96724,User
195097,44791,Tweet,96724,User
195098,44797,Tweet,97079,User
195099,44803,Tweet,92688,User
195100,44839,Tweet,98958,User
195101,44841,Tweet,96724,User
195102,44889,Tweet,96724,User
195103,44892,Tweet,68559,User
195104,44915,Tweet,96724,User
195105,44926,Tweet,96724,User
195106,44930,Tweet,96724,User
195107,44935,Tweet,83848,User
195108,44936,Tweet,96724,User
195109,44946,Tweet,96724,User
195110,44955,Tweet,96678,User
195111,44983,Tweet,96724,User
195112,44992,Tweet,96724,User
195113,45000,Tweet,96724,User
195114,45008,Tweet,96724,User
195115,45028,Tweet,96724,User
195116,45052,Tweet,64465,User
195117,45063,Tweet,91512,User
195118,45073,Tweet,92915,User
195119,45088,Tweet,97614,User
195120,45094,Tweet,96724,User
195121,45112,Tweet,96724,User
195122,45148,Tweet,57692,User
195123,45155,Tweet,96724,User
195124,45198,Tweet,96724,User
195125,45238,Tweet,96724,User
195126,45239,Tweet,96724,User
195127,45298,Tweet,93102,User
195128,45308,Tweet,94255,User
195129,45318,Tweet,94113,User
195130,45320,Tweet,94037,User
195131,45344,Tweet,94255,User
195132,45382,Tweet,94037,User
195133,45383,Tweet,93947,User
195134,45384,Tweet,93170,User
195135,45392,Tweet,87947,User
195136,45397,Tweet,93498,User
195137,45415,Tweet,93506,User
195138,45453,Tweet,94255,User
195139,45601,Tweet,94186,User
195140,45610,Tweet,94255,User
195141,45670,Tweet,93947,User
195142,45750,Tweet,88477,User
195143,45753,Tweet,94037,User
195144,45775,Tweet,93421,User
195145,45776,Tweet,59843,User
195146,45812,Tweet,93447,User
195147,45842,Tweet,93595,User
195148,45846,Tweet,93790,User
195149,45883,Tweet,88560,User
195150,45885,Tweet,97134,User
195151,45930,Tweet,93755,User
195152,45982,Tweet,93539,User
195153,45997,Tweet,93549,User
195154,46065,Tweet,97132,User
195155,46077,Tweet,93596,User
195156,46106,Tweet,93611,User
195157,46117,Tweet,93549,User
195158,46123,Tweet,88560,User
195159,46153,Tweet,93150,User
195160,46174,Tweet,88477,User
195161,46175,Tweet,87957,User
195162,46230,Tweet,94208,User
195163,46253,Tweet,94255,User
195164,46269,Tweet,94037,User
195165,46293,Tweet,89492,User
195166,46341,Tweet,93746,User
195167,46342,Tweet,93746,User
195168,46385,Tweet,94242,User
195169,46412,Tweet,97119,User
195170,46417,Tweet,94255,User
195171,46429,Tweet,93799,User
195172,46438,Tweet,88149,User
195173,46447,Tweet,93833,User
195174,46450,Tweet,88149,User
195175,46480,Tweet,93809,User
195176,46486,Tweet,93812,User
195177,46488,Tweet,93506,User
195178,46500,Tweet,93506,User
195179,46501,Tweet,89061,User
195180,46511,Tweet,94255,User
195181,46512,Tweet,93746,User
195182,46529,Tweet,89369,User
195183,46567,Tweet,93812,User
195184,46619,Tweet,94450,User
195185,46629,Tweet,94028,User
195186,46634,Tweet,74840,User
195187,46662,Tweet,87982,User
195188,46678,Tweet,93928,User
195189,46684,Tweet,93931,User
195190,46747,Tweet,93153,User
195191,46775,Tweet,88021,User
195192,46782,Tweet,89442,User
195193,46796,Tweet,87982,User
195194,46868,Tweet,93363,User
195195,46886,Tweet,94037,User
195196,46888,Tweet,88878,User
195197,46922,Tweet,88878,User
195198,46925,Tweet,89492,User
195199,46936,Tweet,88477,User
195200,46947,Tweet,94239,User
195201,46971,Tweet,94255,User
195202,46978,Tweet,89492,User
195203,46985,Tweet,94082,User
195204,46992,Tweet,88878,User
195205,46999,Tweet,97119,User
195206,47003,Tweet,88860,User
195207,47025,Tweet,94255,User
195208,47043,Tweet,94251,User
195209,47093,Tweet,75165,User
195210,47113,Tweet,88585,User
195211,47121,Tweet,87920,User
195212,47127,Tweet,93506,User
195213,47240,Tweet,94260,User
195214,47247,Tweet,94262,User
195215,47277,Tweet,94395,User
195216,47300,Tweet,94286,User
195217,47380,Tweet,93315,User
195218,47438,Tweet,94386,User
195219,47442,Tweet,98649,User
195220,47468,Tweet,94423,User
195221,47490,Tweet,94405,User
195222,47509,Tweet,93506,User
195223,47518,Tweet,94442,User
195224,47654,Tweet,94113,User
195225,47690,Tweet,94558,User
195226,47694,Tweet,94554,User
195227,47698,Tweet,94561,User
195228,47704,Tweet,94567,User
195229,47740,Tweet,94594,User
195230,47742,Tweet,94595,User
195231,47768,Tweet,96724,User
195232,47794,Tweet,94640,User
195233,47805,Tweet,73955,User
195234,47808,Tweet,95211,User
195235,47809,Tweet,94654,User
195236,47826,Tweet,94671,User
195237,47838,Tweet,94594,User
195238,47899,Tweet,95211,User
195239,47907,Tweet,94737,User
195240,47925,Tweet,94754,User
195241,47946,Tweet,76714,User
195242,47961,Tweet,70099,User
195243,47981,Tweet,94825,User
195244,47984,Tweet,95211,User
195245,48041,Tweet,96724,User
195246,48045,Tweet,70099,User
195247,48057,Tweet,94862,User
195248,48068,Tweet,95211,User
195249,48074,Tweet,64465,User
195250,48110,Tweet,94840,User
195251,48141,Tweet,95211,User
195252,48186,Tweet,94840,User
195253,48218,Tweet,95211,User
195254,48242,Tweet,95012,User
195255,48260,Tweet,94840,User
195256,48271,Tweet,94948,User
195257,48293,Tweet,95211,User
195258,48319,Tweet,95071,User
195259,48334,Tweet,64465,User
195260,48356,Tweet,95097,User
195261,48364,Tweet,95211,User
195262,48365,Tweet,94654,User
195263,48406,Tweet,96724,User
195264,48426,Tweet,64534,User
195265,48436,Tweet,97143,User
195266,48441,Tweet,88567,User
195267,48495,Tweet,91688,User
195268,48543,Tweet,95247,User
195269,48550,Tweet,96879,User
195270,48569,Tweet,95211,User
195271,48592,Tweet,96724,User
195272,48637,Tweet,95324,User
195273,48641,Tweet,95328,User
195274,48651,Tweet,97143,User
195275,48703,Tweet,97148,User
195276,48707,Tweet,95328,User
195277,48752,Tweet,95411,User
195278,48760,Tweet,96025,User
195279,48769,Tweet,95328,User
195280,48819,Tweet,95323,User
195281,48826,Tweet,95211,User
195282,48836,Tweet,96724,User
195283,48890,Tweet,95328,User
195284,48947,Tweet,95558,User
195285,49003,Tweet,96724,User
195286,49012,Tweet,91037,User
195287,49056,Tweet,95642,User
195288,49139,Tweet,96724,User
195289,49176,Tweet,95729,User
195290,49290,Tweet,95805,User
195291,49341,Tweet,96724,User
195292,49427,Tweet,88600,User
195293,49637,Tweet,96057,User
195294,49714,Tweet,96111,User
195295,49791,Tweet,75940,User
195296,49825,Tweet,96318,User
195297,49870,Tweet,62805,User
195298,49881,Tweet,96200,User
195299,49906,Tweet,67196,User
195300,49920,Tweet,75841,User
195301,49921,Tweet,70910,User
195302,49956,Tweet,69597,User
195303,49964,Tweet,96219,User
195304,49967,Tweet,96109,User
195305,49973,Tweet,70851,User
195306,49999,Tweet,96259,User
195307,50002,Tweet,96260,User
195308,50015,Tweet,96438,User
195309,50102,Tweet,71917,User
195310,50104,Tweet,96155,User
195311,50122,Tweet,96321,User
195312,50126,Tweet,70851,User
195313,50138,Tweet,96153,User
195314,50179,Tweet,70016,User
195315,50187,Tweet,83848,User
195316,50201,Tweet,96200,User
195317,50213,Tweet,96155,User
195318,50263,Tweet,70146,User
195319,50272,Tweet,70146,User
195320,50286,Tweet,70146,User
195321,50356,Tweet,73218,User
195322,50388,Tweet,96444,User
195323,50392,Tweet,89460,User
195324,50414,Tweet,96463,User
195325,50437,Tweet,96318,User
195326,50477,Tweet,96200,User
195327,50486,Tweet,73958,User
195328,50493,Tweet,73981,User
195329,50510,Tweet,96517,User
195330,50550,Tweet,74351,User
195331,50651,Tweet,70527,User
195332,50672,Tweet,96612,User
195333,50683,Tweet,75374,User
195334,50688,Tweet,93731,User
195335,50771,Tweet,58578,User
195336,50775,Tweet,75849,User
195337,50779,Tweet,96153,User
195338,50803,Tweet,70175,User
195339,50854,Tweet,96231,User
195340,50861,Tweet,96706,User
195341,50879,Tweet,96719,User
195342,50948,Tweet,96844,User
195343,50953,Tweet,88206,User
195344,50973,Tweet,81379,User
195345,51033,Tweet,81900,User
195346,51046,Tweet,82028,User
195347,51047,Tweet,82072,User
195348,51061,Tweet,96850,User
195349,51098,Tweet,82527,User
195350,51102,Tweet,82202,User
195351,51105,Tweet,82569,User
195352,51108,Tweet,96886,User
195353,51132,Tweet,78060,User
195354,51134,Tweet,96903,User
195355,51160,Tweet,84377,User
195356,51178,Tweet,83155,User
195357,51179,Tweet,85123,User
195358,51227,Tweet,85214,User
195359,51244,Tweet,85644,User
195360,51254,Tweet,85293,User
195361,51259,Tweet,85508,User
195362,51316,Tweet,61084,User
195363,51333,Tweet,86827,User
195364,51341,Tweet,96971,User
195365,51360,Tweet,87013,User
195366,51373,Tweet,85542,User
195367,51418,Tweet,87595,User
195368,51427,Tweet,86176,User
195369,51507,Tweet,96185,User
195370,51522,Tweet,89007,User
195371,51544,Tweet,97034,User
195372,51564,Tweet,88206,User
195373,51568,Tweet,89431,User
195374,51582,Tweet,58484,User
195375,51595,Tweet,78224,User
195376,51601,Tweet,65124,User
195377,51608,Tweet,62177,User
195378,51612,Tweet,97056,User
195379,51635,Tweet,58596,User
195380,51660,Tweet,57775,User
195381,51664,Tweet,76714,User
195382,51690,Tweet,97091,User
195383,51706,Tweet,57775,User
195384,51711,Tweet,97089,User
195385,51722,Tweet,57714,User
195386,51725,Tweet,59831,User
195387,51728,Tweet,64465,User
195388,51736,Tweet,89442,User
195389,51740,Tweet,88878,User
195390,51746,Tweet,93482,User
195391,51747,Tweet,88878,User
195392,51759,Tweet,88878,User
195393,51761,Tweet,88878,User
195394,51780,Tweet,94443,User
195395,51782,Tweet,97135,User
195396,51786,Tweet,64534,User
195397,51793,Tweet,64465,User
195398,51804,Tweet,64465,User
195399,51934,Tweet,96535,User
195400,51961,Tweet,88844,User
195401,52070,Tweet,97304,User
195402,52094,Tweet,79100,User
195403,52099,Tweet,57372,User
195404,52108,Tweet,57391,User
195405,52390,Tweet,56743,User
195406,52391,Tweet,98151,User
195407,52426,Tweet,97449,User
195408,52484,Tweet,67474,User
195409,52506,Tweet,58317,User
195410,52612,Tweet,58727,User
195411,52671,Tweet,58621,User
195412,52681,Tweet,57517,User
195413,52896,Tweet,88246,User
195414,52904,Tweet,91786,User
195415,52978,Tweet,89743,User
195416,53119,Tweet,59020,User
195417,53214,Tweet,59020,User
195418,53349,Tweet,97602,User
195419,53362,Tweet,60832,User
195420,53368,Tweet,58501,User
195421,53398,Tweet,97928,User
195422,53410,Tweet,97936,User
195423,53445,Tweet,60832,User
195424,53449,Tweet,60470,User
195425,53459,Tweet,60470,User
195426,53530,Tweet,60626,User
195427,53532,Tweet,97056,User
195428,53610,Tweet,96977,User
195429,53619,Tweet,61184,User
195430,53648,Tweet,98054,User
195431,53675,Tweet,98036,User
195432,53710,Tweet,73784,User
195433,53711,Tweet,73784,User
195434,53737,Tweet,98042,User
195435,53902,Tweet,60915,User
195436,53935,Tweet,98043,User
195437,54087,Tweet,98305,User
195438,54259,Tweet,62202,User
195439,54286,Tweet,88246,User
195440,54288,Tweet,99175,User
195441,54362,Tweet,98438,User
195442,54403,Tweet,88246,User
195443,54531,Tweet,98151,User
195444,54535,Tweet,98553,User
195445,54588,Tweet,97481,User
195446,54641,Tweet,97481,User
195447,54672,Tweet,63007,User
195448,54740,Tweet,97528,User
195449,54747,Tweet,60723,User
195450,54789,Tweet,63243,User
195451,54874,Tweet,63429,User
195452,54877,Tweet,63257,User
195453,54921,Tweet,63257,User
195454,55009,Tweet,98736,User
195455,55091,Tweet,96153,User
195456,55164,Tweet,97602,User
195457,55193,Tweet,64110,User
195458,55238,Tweet,64201,User
195459,55298,Tweet,99513,User
195460,55306,Tweet,64329,User
195461,55362,Tweet,96724,User
195462,55364,Tweet,83848,User
195463,55365,Tweet,98914,User
195464,55374,Tweet,97225,User
195465,55375,Tweet,83206,User
195466,55377,Tweet,98921,User
195467,55384,Tweet,70099,User
195468,55440,Tweet,97606,User
195469,55455,Tweet,98969,User
195470,55491,Tweet,98996,User
195471,55512,Tweet,99015,User
195472,55549,Tweet,57692,User
195473,55555,Tweet,99055,User
195474,55586,Tweet,95692,User
195475,55596,Tweet,99090,User
195476,55613,Tweet,99101,User
195477,55619,Tweet,96129,User
195478,55627,Tweet,99101,User
195479,55658,Tweet,99133,User
195480,55712,Tweet,58484,User
195481,55713,Tweet,69101,User
195482,55787,Tweet,57692,User
195483,55869,Tweet,89442,User
195484,55934,Tweet,78815,User
195485,55937,Tweet,64670,User
195486,55966,Tweet,79148,User
195487,55994,Tweet,79445,User
195488,56002,Tweet,79841,User
195489,56022,Tweet,79841,User
195490,56031,Tweet,99422,User
195491,56048,Tweet,80077,User
195492,56134,Tweet,65894,User
195493,56154,Tweet,95162,User
195494,56222,Tweet,80812,User
195495,56266,Tweet,99546,User
195496,56268,Tweet,99548,User
195497,56314,Tweet,82913,User
195498,56418,Tweet,61057,User
195499,56447,Tweet,85174,User
195500,56468,Tweet,85177,User
195501,56474,Tweet,96943,User
195502,56479,Tweet,85534,User
195503,56492,Tweet,96943,User
