replied_to_id,source_user_id,target_user_id,times
207332,90388,89915,1
207333,71473,71473,1
207334,70270,70304,1
207335,70099,70099,1
207336,65388,65425,1
207337,65388,96426,1
293832,65710,58317,1
293833,63065,63853,1
293834,94737,94737,1
293835,62865,58597,1
293836,71027,71027,1
293837,58664,64976,1
293838,96153,96153,2
293839,88425,97698,1
293840,68111,68111,1
293841,88567,88567,1
293842,73795,73795,1
293843,86021,85177,1
293844,66468,66468,1
293845,70132,96126,1
293846,92407,96724,1
293847,94620,96724,1
293848,87464,87464,1
293849,68559,68559,1
293850,73134,73134,1
293851,67911,65368,1
293852,61678,63257,1
293853,82976,82913,1
293854,89910,89546,1
293855,72480,72480,1
293856,58077,69701,1
293857,96886,96886,1
293858,89057,89057,1
293859,66465,65325,1
293860,88422,88422,3
293861,76714,76714,2
293862,97842,59020,1
293863,87426,87426,1
293864,98996,98996,1
293865,96260,96260,1
293866,64465,64465,5
293867,92007,96724,1
293868,63459,63257,1
293869,58336,58330,1
293870,67075,58597,1
293871,67617,96426,1
293872,88457,88457,1
293873,74945,74945,1
293874,81729,81729,3
293875,69983,96427,1
293876,97447,56743,1
293877,92951,96724,1
293878,85644,87456,1
293879,94948,94948,1
293880,80978,80978,1
293881,92813,96678,1
293882,97229,88844,1
293883,73944,73784,1
293884,96211,67196,1
293885,65713,65721,1
293886,66229,65489,1
293887,67321,65372,1
293888,81869,74469,1
293889,83157,83157,1
293890,56607,56771,1
293891,61029,85230,1
293892,61029,86111,2
293893,86611,86611,2
293894,65677,65677,4
293895,83206,83206,1
293896,58583,58484,1
293897,58338,58338,4
293898,58338,97481,1
293899,89254,99521,1
293900,94731,95211,1
293901,72277,71874,1
293902,86467,86467,1
293903,87681,87681,3
293904,61087,60997,1
293905,58484,60832,1
293906,58484,58484,3
293907,72257,58879,1
293908,88656,88656,1
293909,91353,96724,1
293910,80778,80778,2
293911,56578,64494,1
293912,97208,96535,1
293913,95103,95211,2
293914,61794,95198,1
293915,73338,73338,2
293916,88600,88600,1
293917,73864,73864,1
293918,73475,73475,1
293919,57933,58108,1
293920,83896,76553,1
293921,64852,64791,1
293922,64852,61976,1
293923,86065,61544,1
293924,70362,70362,1
293925,70824,70824,1
293926,86751,86751,1
293927,82211,82211,1
293928,97314,57391,1
293929,82379,82379,1
293930,95729,95729,1
293931,58929,94701,1
293932,58929,67365,1
293933,62571,62571,1
293934,57694,95135,1
293935,59324,95674,1
293936,91675,91675,1
293937,86368,96943,1
293938,75105,96607,1
293939,73599,70016,1
293940,86934,86934,1
293941,65721,58362,1
293942,65721,63697,1
293943,66878,69759,1
293944,74889,96398,1
293945,97448,98151,1
293946,82731,82731,1
293947,65153,88128,1
293948,61555,61555,1
293949,72789,73057,1
293950,68027,65368,1
293951,87957,87957,1
293952,66518,58317,1
293953,88997,88997,1
293954,83471,92817,1
293955,72572,72572,1
293956,86176,86176,9
293957,81351,81351,1
293958,69446,93220,1
293959,70207,75841,1
293960,85002,86565,1
293961,81883,81883,1
293962,99220,57692,1
293963,66287,89599,1
293964,63142,63142,1
293965,88812,88812,1
293966,81908,97305,1
293967,87561,73795,1
293968,85452,96943,1
293969,71493,96126,1
293970,59843,59843,1
293971,95642,95642,1
293972,98093,73784,1
293973,73823,73840,1
293974,84575,84754,1
293975,91512,57775,1
293976,90492,58501,1
293977,65957,97481,1
293978,85717,85177,1
293979,88099,88099,1
293980,91733,96724,1
293981,85174,85174,7
293982,75511,96434,1
293983,65793,65793,1
293984,63489,76163,1
293985,71575,71575,1
293986,87402,87402,1
293987,87352,87352,1
293988,57583,57933,1
293989,91576,91576,1
293990,81886,81232,1
293991,69722,87002,1
293992,92062,96724,1
293993,92875,96724,1
293994,87076,87076,1
293995,96977,96977,1
293996,98047,61184,1
293997,72463,71638,1
293998,87061,87120,1
293999,85393,85177,1
294000,66995,65041,1
294001,76079,65822,1
294002,86115,86280,1
294003,85134,85134,3
294004,98072,98036,1
294005,62810,95162,1
294006,78355,83848,1
294007,73126,73356,1
294008,61499,85508,1
294009,62018,79100,1
294010,86971,86971,1
294011,76602,96724,1
294012,58164,56743,1
294013,81478,81478,1
294014,75290,58484,1
294015,94754,94754,1
294016,64534,64534,2
294017,95411,95411,1
294018,96444,96444,1
294019,86653,86653,1
294020,91835,96724,1
294021,73372,73372,1
294022,56920,94684,1
294023,95599,96724,1
294024,70533,62115,1
294025,66756,66790,1
294026,91606,96724,1
294027,61226,58903,1
294028,64868,68261,1
294029,97645,91786,1
294030,93026,96724,1
294031,80911,96824,1
294032,57742,57742,1
294033,86894,87105,1
294034,87137,87137,1
294035,65368,96426,1
294036,88835,87990,1
294037,92403,94737,1
294038,78060,78060,1
294039,72047,72047,1
294040,63786,70620,1
294041,94671,94671,1
294042,85164,86645,1
294043,66300,58501,1
294044,83484,83848,1
294045,66893,95438,1
294046,70708,70708,1
294047,96517,96517,1
294048,86177,86177,1
294049,60008,94737,1
294050,75902,75902,1
294051,93596,93596,1
294052,92761,96724,1
294053,85686,85686,1
294054,81024,98699,1
294055,89442,89442,1
294056,70015,89442,1
294057,79449,79449,1
294058,92210,96724,1
294059,87332,75812,1
294060,62966,65124,1
294061,86183,85865,1
294062,74963,75841,1
294063,77064,96724,1
294064,71407,96126,1
294065,58374,97478,1
294066,61715,61754,1
294067,63132,58501,1
294068,90470,97979,1
294069,64083,64083,1
294070,86500,73795,1
294071,99353,78815,1
294072,63626,63255,1
294073,85999,96942,1
294074,63007,63007,1
294075,81474,81474,1
294076,58845,58845,2
294077,97056,97056,1
294078,97104,57714,1
294079,91582,96724,1
294080,98104,98042,1
294081,60553,58602,1
294082,85715,85214,1
294083,82793,82793,1
294084,98043,98054,1
294085,98043,60915,1
294086,67077,66981,1
294087,83239,64465,1
294088,97642,88246,1
294089,98438,98438,1
294090,82022,95361,1
294091,69531,63007,1
294092,64976,58664,1
294093,64976,58850,1
294094,88925,89060,1
294095,66399,64670,1
294096,56754,97155,1
294097,87158,91037,1
294098,86222,86206,1
294099,81749,81749,1
294100,65798,58484,1
294101,64196,64670,1
294102,86719,86719,6
294103,85224,61057,1
294104,87043,87043,1
294105,79371,88206,1
294106,86762,85461,1
294107,86762,87456,1
294108,68291,64745,1
294109,61671,62059,1
294110,68238,58501,1
294111,58713,62810,1
294112,97530,58621,1
294113,65270,58597,1
294114,58926,68839,1
294115,69106,58298,1
294116,77885,77885,1
294117,58578,58578,1
294118,66905,65104,1
294119,68407,68407,1
294120,73430,96697,1
294121,61206,61506,1
294122,95247,95247,1
294123,62962,98589,1
294124,81600,81600,1
294125,90230,90230,1
294126,60310,90039,1
294127,94390,98649,1
294128,85227,85123,1
294129,85227,85145,1
294130,85227,85296,1
294131,90402,90402,1
294132,91147,71473,1
294133,66493,83848,1
294134,87480,87480,1
294135,96266,96438,1
294136,93539,93539,1
294137,98913,83848,1
294138,82153,82153,1
294139,57932,56578,1
294140,96940,85293,1
294141,60997,61034,1
294142,64763,76993,1
294143,64056,64056,1
294144,92858,96724,1
294145,75165,75165,4
294146,96927,83155,1
294147,58501,58501,3
294148,75486,75486,1
294149,84053,84053,1
294150,86737,86737,2
294151,85597,85597,1
294152,78203,70099,1
294153,66850,58501,1
294154,64792,64516,1
294155,98469,88246,1
294156,82335,82335,1
294157,76358,88246,1
294158,98550,98151,1
294159,88968,88968,1
294160,89745,89745,1
294161,89813,89813,1
294162,83254,83848,1
294163,92069,96724,2
294164,61371,61287,1
294165,94653,95211,1
294166,61250,98043,1
294167,62819,90999,1
294168,96903,96903,1
294169,85323,85323,1
294170,93488,88560,1
294171,74872,88567,1
294172,73214,73214,1
294173,64537,72286,1
294174,70450,69985,1
294175,87096,87096,1
294176,83151,88246,1
294177,72866,57691,1
294178,89071,89071,1
294179,86297,61029,1
294180,94992,95211,1
294181,97310,57372,1
294182,58596,58596,3
294183,87508,87453,1
294184,88237,88237,3
294185,76290,96535,1
294186,56892,96495,1
294187,66256,62993,1
294188,75715,71077,1
294189,68511,97517,1
294190,65012,58501,1
294191,64766,65558,1
294192,60525,60648,1
294193,87452,86789,1
294194,85366,86176,1
294195,69946,65721,1
294196,90428,58578,1
294197,68056,68056,3
294198,91093,91093,1
294199,68150,60844,1
294200,87960,87960,1
294201,61866,61754,1
294202,57286,90039,1
294203,76869,89743,1
294204,64784,58597,1
294205,87550,87550,1
294206,66078,64976,1
294207,72786,96114,1
294208,74843,70099,1
294209,92033,64465,1
294210,80840,71473,1
294211,85296,87456,1
294212,65332,65941,1
294213,87441,86039,1
294214,94059,89492,1
294215,93658,87957,1
294216,88618,88618,1
294217,66534,58484,1
294218,91887,96724,1
294219,62944,60736,1
294220,61201,61189,1
294221,58771,97481,1
294222,93222,94255,1
294223,68796,68717,1
294224,76478,76553,1
294225,72876,70016,1
294226,93843,93506,1
294227,59532,82914,1
294228,66464,98604,1
294229,75058,70099,1
294230,67265,58484,1
294231,78281,89105,1
294232,66781,97513,1
294233,59831,59831,1
294234,81429,96787,1
294235,77414,77414,1
294236,93833,93809,1
294237,97959,60832,1
294238,83470,83470,1
294239,66666,58578,1
294240,61321,85752,1
294241,79898,79897,1
294242,70273,57692,1
294243,82145,96724,1
294244,77263,57692,1
294245,56624,56624,1
294246,59388,59388,2
294247,59388,88881,1
294248,85529,85485,1
294249,70079,96126,1
294250,83276,83307,1
294251,63255,63434,1
294252,72521,70376,1
294253,66029,62796,1
294254,66029,58578,1
294255,74922,74922,1
294256,64644,88246,1
294257,67163,65104,1
294258,73566,73566,1
294259,75643,97782,1
294260,69929,96141,1
294261,98005,97056,1
294262,67851,97497,1
294263,61221,85291,1
294264,97602,97602,1
294265,89159,89159,1
294266,59345,83848,1
294267,88833,88833,1
294268,82657,82657,1
294269,65258,58484,1
294270,65258,64987,1
294271,65258,65215,1
294272,94405,94423,1
294273,85051,85051,1
294274,89287,88044,1
294275,84042,83848,1
294276,94908,94840,3
294277,96368,75849,1
294278,90690,90690,1
294279,92594,96724,1
294280,90765,70099,1
294281,93508,93755,1
294282,80514,98769,1
294283,86141,96943,1
294284,92060,96724,1
294285,97606,97606,1
294286,88258,88258,1
294287,69780,69408,1
294288,67105,67028,1
294289,86896,86896,1
294290,86876,86913,1
294291,58780,58780,1
294292,75827,96126,1
294293,61912,63205,1
294294,87299,87299,1
294295,70172,72420,1
294296,68940,97497,1
294297,66626,66562,1
294298,85119,58787,1
294299,65459,58597,1
294300,70388,73210,1
294301,75543,96114,1
294302,74809,96223,1
294303,70299,96120,1
294304,57913,64465,1
294305,63336,63271,1
294306,70986,96317,1
294307,86594,86594,2
294308,72954,96401,1
294309,75431,70851,1
294310,70327,70327,2
294311,59075,82941,1
294312,96200,96200,3
294313,75012,88364,1
294314,90887,58597,1
294315,69192,58727,1
294316,85542,85542,2
294317,85542,87013,1
294318,64682,93460,1
294319,81622,64463,1
294320,66656,67351,1
294321,66656,65325,1
294322,66656,65124,1
294323,66656,58501,1
294324,66656,58261,1
294325,69505,57692,1
294326,91483,96724,1
294327,57266,57700,1
294328,98879,64329,1
294329,80183,80183,1
294330,89099,89099,1
294331,66320,63624,1
294332,64252,96773,1
294333,88025,87936,1
294334,62858,60832,1
294335,89649,89649,1
294336,69101,69101,3
294337,57871,98634,1
294338,85696,85696,1
294339,60643,60832,1
294340,57317,90039,1
294341,69895,73478,1
294342,86993,86993,2
294343,74341,96155,1
294344,81190,96724,1
294345,74815,96126,1
294346,67705,66602,1
294347,99546,99546,1
294348,72918,96324,1
294349,65590,63711,1
294350,99429,80077,1
294351,70003,96120,1
294352,88514,88514,1
294353,97034,97034,1
294354,67751,69173,1
294355,97487,58317,1
294356,97487,60832,1
294357,97487,96153,1
294358,71844,70851,1
294359,59112,79245,1
294360,75205,96401,1
294361,86390,61321,1
294362,93549,93549,2
294363,65412,96426,1
294364,68838,99516,1
294365,66982,83848,1
294366,90933,58597,1
294367,70328,70219,1
294368,80532,60783,1
294369,71425,96126,1
294370,65006,58578,2
294371,75497,70058,1
294372,67435,67946,1
294373,67435,58578,1
294374,97042,89431,1
294375,58792,58501,1
294376,75485,70026,1
294377,97910,58501,1
294378,64923,58879,1
294379,66025,67004,1
294380,86228,85208,1
294381,66545,81578,1
294382,92631,96724,1
294383,91236,91236,1
294384,89124,89394,1
294385,59571,59571,1
294386,80842,63007,1
294387,81838,81838,1
294388,89763,65491,1
294389,70012,61807,2
294390,77216,64465,1
294391,65541,65541,1
294392,94102,88878,1
294393,78812,78812,1
294394,67639,67639,1
294395,80468,98798,1
294396,96672,70175,1
294397,75499,96143,1
294398,58614,67474,2
294399,58614,58614,1
294400,96463,96463,1
294401,83463,97669,1
294402,85356,87456,1
294403,83752,83752,1
294404,60549,58578,1
294405,69171,58298,1
294406,85459,85174,1
294407,75698,74628,1
294408,74374,76430,1
294409,71093,71093,1
294410,67558,58298,1
294411,90554,90554,3
294412,64249,96535,1
294413,63015,66685,1
294414,67260,69007,1
294415,56680,56638,1
294416,82399,82399,1
294417,58600,58602,1
294418,68673,67468,1
294419,90922,90922,1
294420,65100,58597,1
294421,80702,96153,1
294422,98619,97528,1
294423,65378,58501,1
294424,67637,65760,1
294425,87919,87919,2
294426,69105,63095,1
294427,99404,79445,1
294428,87720,87468,1
294429,63884,58501,1
294430,80703,58367,1
294431,88472,88472,1
294432,84137,83605,1
294433,96364,96155,1
294434,64960,58317,1
294435,67446,67446,1
294436,78489,96724,1
294437,70942,96114,1
294438,69437,69449,1
294439,88355,88563,1
294440,84613,84066,1
294441,56620,56578,1
294442,85257,85257,1
294443,85156,67357,1
294444,68946,96426,1
294445,92171,96724,1
294446,59701,73169,1
294447,90460,90460,1
294448,97781,59020,1
294449,89890,89890,1
294450,90109,90109,1
294451,58298,58298,3
294452,94111,88860,1
294453,89316,89316,1
294454,88878,88878,4
294455,63565,98755,1
294456,57929,97428,1
294457,65940,63007,1
294458,65940,67211,1
294459,85195,85195,6
294460,99133,99133,1
294461,86918,86646,1
294462,86937,86937,5
294463,83697,83602,1
294464,61958,98299,1
294465,94260,94260,1
294466,98911,96724,1
294467,80899,80899,4
294468,70307,96155,1
294469,90374,90374,1
294470,61854,61889,1
294471,85200,85398,1
294472,85200,87312,1
294473,85200,61489,1
294474,61561,98043,1
294475,71708,71708,1
294476,92793,96724,1
294477,65680,58484,1
294478,93931,93931,1
294479,72215,96452,1
294480,84037,97096,1
294481,96619,93731,1
294482,92688,92688,1
294483,87262,85814,1
294484,77205,83848,1
294485,97133,94443,1
294486,60950,61206,1
294487,75888,73566,1
294488,96883,82569,1
294489,85402,85402,2
294490,95328,95328,4
294491,77195,76583,1
294492,62328,62328,1
294493,85534,85534,1
294494,60729,67757,1
294495,60729,98572,1
294496,60729,97474,1
294497,60729,97924,1
294498,99050,57692,1
294499,72568,70376,1
294500,93690,94208,1
294501,72065,70353,1
294502,60519,60832,1
294503,90329,90329,1
294504,73387,96126,1
294505,87482,87482,2
294506,70439,96126,1
294507,86565,86565,24
294508,96321,96321,1
294509,62079,61678,1
294510,59990,59990,1
294511,97308,79100,1
294512,98840,64201,1
294513,81273,81273,2
294514,61345,61432,1
294515,64139,72286,1
294516,69698,69698,1
294517,68483,68483,1
294518,65124,65124,1
294519,92051,96724,1
294520,74181,74181,1
294521,96259,96259,1
294522,58257,92190,1
294523,83275,99133,1
294524,89637,89637,1
294525,77338,57692,1
294526,61349,61349,2
294527,70873,65600,1
294528,73228,96131,1
294529,86407,85147,1
294530,86811,96968,1
294531,82681,92992,1
294532,75836,88229,1
294533,98386,88246,1
294534,98553,98553,1
294535,60613,60626,1
294536,62047,98305,1
294537,73756,96199,1
294538,91665,96724,1
294539,81281,81281,4
294540,99293,89442,1
294541,63472,63434,1
294542,67478,58484,1
294543,97098,97089,1
294544,65056,65056,2
294545,89143,89143,1
294546,63835,66524,1
294547,81377,96724,1
294548,73300,73300,1
294549,97691,89743,1
294550,58147,57263,1
294551,72207,96517,1
294552,98635,63243,1
294553,90866,90866,1
294554,69520,58317,1
294555,70146,70146,3
294556,85350,85350,1
294557,60949,69408,1
294558,81146,81146,3
294559,59135,57517,1
294560,85112,96950,1
294561,73625,75904,1
294562,98388,99175,1
294563,87407,86646,1
294564,97904,97602,1
294565,94567,94567,1
294566,57182,64421,1
294567,92676,96724,1
294568,92790,96724,1
294569,74056,70851,1
294570,61700,61678,1
294571,69304,58484,1
294572,73964,73195,1
294573,58242,59020,1
294574,89485,89485,1
294575,83002,57692,1
294576,98736,98736,1
294577,59696,88246,1
294578,87089,86972,1
294579,81727,81727,1
294580,85122,85123,1
294581,75281,75281,1
294582,93122,94037,1
294583,73651,92462,1
294584,86831,85847,1
294585,57795,56697,1
294586,85554,85177,1
294587,86595,87638,1
294588,95558,95558,1
294589,83055,96724,1
294590,83171,82929,1
294591,87982,87982,2
294592,80884,97773,1
294593,71185,72841,1
294594,71035,96231,1
294595,60805,97304,1
294596,67011,58484,1
294597,61035,98172,1
294598,87013,87013,2
294599,60693,96501,1
294600,61022,67357,1
294601,85769,96943,1
294602,67306,97504,1
294603,83503,57692,1
294604,85956,85369,1
294605,84762,82908,1
294606,86796,86796,1
294607,92851,96724,1
294608,61694,62059,1
294609,94654,94654,2
294610,86591,86591,2
294611,86591,86561,1
294612,70375,96231,1
294613,98819,64110,1
294614,87735,86646,1
294615,82726,82726,1
294616,81077,81077,1
294617,83446,83848,1
294618,60618,60626,1
294619,67480,67480,1
294620,87068,87068,1
294621,86641,86683,1
294622,68998,58501,1
294623,79263,57692,1
294624,93421,93421,1
294625,91938,96724,1
294626,81930,81232,1
294627,74959,96462,1
294628,81604,81604,1
294629,93192,93506,1
294630,65644,58484,1
294631,75456,68056,1
294632,68139,65124,1
294633,73700,75904,1
294634,86236,86188,2
294635,75774,74628,1
294636,66161,63007,1
294637,66161,67004,1
294638,86626,86626,2
294639,93792,94255,1
294640,74456,74456,1
294641,73740,72263,1
294642,71946,58461,1
294643,92056,96724,1
294644,70941,96231,1
294645,71042,71114,1
294646,65371,62805,1
294647,76071,65184,1
294648,96938,85644,1
294649,83149,82952,1
294650,90590,90590,1
294651,87601,61084,1
294652,67790,65368,1
294653,94276,94395,1
294654,96966,86827,1
294655,67625,62755,1
294656,68195,97056,1
294657,84921,84921,1
294658,61804,74601,1
294659,72376,75907,1
294660,65651,65758,1
294661,88206,88206,5
294662,62187,61678,1
294663,75042,96493,1
294664,81674,81674,1
294665,65265,99458,1
294666,69883,96141,1
294667,85816,96943,1
294668,73861,97018,1
294669,73080,88246,1
294670,65696,96426,1
294671,80857,80857,1
294672,84177,91984,1
294673,99382,79148,1
294674,73924,70752,1
294675,86910,86558,1
294676,71729,97773,1
294677,72236,88841,1
294678,82737,96787,1
294679,87310,96943,2
294680,66099,96426,1
294681,86922,86922,1
294682,72929,72929,1
294683,87608,86626,1
294684,71178,71178,1
294685,90901,90901,1
294686,98212,98043,1
294687,87460,86646,1
294688,98674,63257,1
294689,89731,88246,1
294690,97928,97928,1
294691,94442,94442,1
294692,76230,83848,1
294693,81578,88268,1
294694,70967,61065,1
294695,83875,88246,1
294696,76047,96656,1
294697,77157,94491,1
294698,91545,96724,1
294699,68758,58501,1
294700,71325,89460,1
294701,89908,96195,1
294702,77204,96724,1
294703,89289,89289,1
294704,83173,96724,1
294705,87483,87812,1
294706,66787,96426,1
294707,94099,94082,1
294708,96617,75374,1
294709,87558,86132,1
294710,72664,72161,1
294711,87140,85515,1
294712,66118,58338,1
294713,60937,60937,1
294714,65664,96535,1
294715,88764,96185,1
294716,58597,58597,11
294717,83865,57692,1
294718,71168,57899,1
294719,92123,96724,1
294720,89830,89830,1
294721,75154,69776,1
294722,86527,86527,1
294723,71542,96126,1
294724,77334,96724,1
294725,75070,87400,1
294726,96838,82072,1
294727,88321,97041,1
294728,67538,58484,1
294729,83000,83000,1
294730,88149,88269,1
294731,88149,93812,2
294732,83827,83233,1
294733,62891,58338,1
294734,74126,96642,1
294735,72456,96444,1
294736,65264,58597,1
294737,81462,81462,3
294738,98671,63429,1
294739,80154,99430,1
294740,60139,64463,1
294741,70851,70851,3
294742,66353,98604,1
294743,87439,61512,1
294744,72288,96353,1
294745,70326,64463,1
294746,73052,96118,1
294747,95323,95323,1
294748,83485,64498,1
294749,93321,94255,1
294750,68580,88728,1
294751,74134,96231,1
294752,72778,87225,1
294753,64873,65491,1
294754,84622,76553,1
294755,60007,57692,1
294756,64740,64670,1
294757,63908,97513,1
294758,92084,64465,1
294759,60406,98808,1
294760,96150,75940,1
294761,62805,62805,1
294762,66081,66081,1
294763,73169,72462,1
294764,73169,96216,1
294765,64554,64554,1
294766,87410,61189,1
294767,79841,79841,2
294768,68037,68037,1
294769,71986,96153,1
294770,83856,97614,1
294771,92096,92096,1
294772,85129,85145,1
294773,62177,62177,4
294774,87017,87017,4
294775,85004,83046,1
294776,94037,94037,1
294777,60814,97975,1
294778,86558,86558,3
294779,77572,77572,1
294780,87855,87855,1
294781,96786,81379,1
294782,92590,96724,1
294783,66632,65059,1
294784,76145,96683,1
294785,70407,96114,1
294786,92988,96724,1
294787,97936,97936,1
294788,79199,91422,1
294789,94386,94386,1
294790,86188,85885,1
294791,65176,88246,1
294792,84229,84229,1
294793,87518,74628,1
294794,86512,87456,1
294795,75840,71473,1
294796,87787,87787,1
294797,85659,96943,1
294798,66354,58484,1
294799,93611,93611,1
294800,60748,97879,1
294801,56854,97239,1
294802,96719,96719,1
294803,61047,98054,1
294804,59926,59890,1
294805,85893,85303,2
294806,88046,88046,1
294807,84735,57692,1
294808,71933,97669,1
294809,87564,98136,1
294810,65460,64515,1
294811,88970,88970,1
294812,81328,97614,1
294813,61084,61084,7
294814,70442,70442,1
294815,63540,96278,1
294816,87351,87351,1
294817,63116,58602,1
294818,93169,93947,1
294819,83965,84754,1
294820,86692,86692,1
294821,62042,61678,1
294822,80953,80953,1
294823,71830,96278,1
294824,62126,69817,1
294825,76032,96324,1
294826,68786,99447,1
294827,91210,91210,1
294828,85776,85174,1
294829,63201,63201,2
294830,99055,99055,1
294831,82922,82915,1
294832,86555,86555,2
294833,60724,63007,1
294834,85172,85148,1
294835,86862,86862,1
294836,93093,88477,1
294837,61412,98168,1
294838,85133,85241,1
294839,85133,87507,2
294840,85133,87312,1
294841,85133,86645,1
294842,82382,82382,1
294843,81556,81556,1
294844,64823,97659,1
294845,83594,83123,1
294846,83594,83848,1
294847,86132,86132,2
294848,90392,90392,1
294849,72592,72592,1
294850,93863,89369,1
294851,83397,96724,1
294852,70332,96452,1
294853,87859,86646,1
294854,85329,67357,1
294855,66901,66877,1
294856,65172,64670,1
294857,70914,88841,1
294858,62209,96528,1
294859,93905,94450,1
294860,86743,86743,1
294861,86743,96984,1
294862,96702,96231,1
294863,72739,91861,1
294864,81637,81637,1
294865,65062,58501,1
294866,69714,58501,1
294867,69322,58317,1
294868,98919,97225,1
294869,67236,65052,1
294870,73554,63809,1
294871,78002,98744,1
294872,99101,99101,2
294873,69150,65124,1
294874,74016,89460,1
294875,75632,70752,1
294876,85522,96929,1
294877,72363,96409,1
294878,71973,71973,1
294879,68542,96278,1
294880,72651,96324,1
294881,64809,98807,1
294882,82543,82543,1
294883,83357,84754,1
294884,88982,65894,1
294885,84250,84079,1
294886,93621,88560,1
294887,68735,68735,2
294888,85137,85214,1
294889,83158,96822,1
294890,65323,58578,1
294891,58202,80207,1
294892,91629,91629,1
294893,67009,58317,1
294894,66232,71473,1
294895,83464,83464,1
294896,67317,67317,1
294897,74339,89460,1
294898,87363,87363,1
294899,97303,97304,1
294900,88853,87882,1
294901,58097,58097,1
294902,66011,58317,1
294903,65046,58597,1
294904,83282,83848,1
294905,88724,88246,1
294906,60060,94737,1
294907,94286,94286,1
294908,60415,96528,1
294909,65001,66625,1
294910,96850,96850,1
294911,72626,70851,1
294912,88038,87936,1
294913,86068,61536,1
294914,86068,86176,1
294915,73319,96173,1
294916,66742,65124,1
294917,75387,73195,1
294918,65115,71648,1
294919,97115,93482,1
294920,93140,94255,1
294921,58409,97480,1
294922,92140,57714,1
294923,85470,96943,1
294924,71358,70376,1
294925,64995,64995,2
294926,85337,85337,1
294927,74200,65721,1
294928,68327,68327,1
294929,93799,93799,1
294930,65470,58501,1
294931,69445,97623,1
294932,93768,94028,1
294933,93768,74840,1
294934,93768,87982,1
294935,93768,89492,1
294936,70230,96427,1
294937,83129,57692,1
294938,86797,86797,1
294939,63152,58596,1
294940,86053,85340,1
294941,95805,95805,1
294942,70712,70712,1
294943,72385,72385,1
294944,60841,98775,1
294945,67393,58484,1
294946,91904,96724,1
294947,63334,63255,1
294948,79104,79104,1
294949,65647,65174,1
294950,85093,85093,1
294951,96971,96971,1
294952,86560,86595,1
294953,93447,93447,1
294954,59580,91037,1
294955,81057,81654,2
294956,92930,97614,1
294957,93643,93150,1
294958,68369,97497,1
294959,70640,96195,1
294960,66629,83848,1
294961,78430,99147,1
294962,92273,96724,1
294963,97962,60470,1
294964,88209,87936,1
294965,86833,86833,3
294966,60470,60470,1
294967,85570,87507,1
294968,63003,60832,1
294969,92454,96724,1
294970,68067,58501,1
294971,86420,86420,1
294972,71225,96114,1
294973,84098,84098,1
294974,72248,96126,1
294975,92019,96724,1
294976,70247,69983,1
294977,98914,98914,1
294978,72762,70388,1
294979,69160,65894,1
294980,88137,93065,1
294981,74063,74063,1
294982,78671,78671,1
294983,92415,96724,1
294984,88120,88120,1
294985,71644,96452,1
294986,72421,96430,1
294987,70618,96486,1
294988,63701,61774,1
294989,95324,95324,1
294990,72116,74535,1
294991,89273,89273,1
294992,79131,96153,1
294993,86111,61029,1
294994,87248,73784,1
294995,61401,85174,1
294996,82504,82767,1
294997,83947,89442,1
294998,83738,97069,1
294999,69863,96126,1
295000,87677,87677,1
295001,97091,97091,1
295002,87382,96943,1
295003,63853,68595,1
295004,83803,88246,1
295005,92343,96724,1
295006,62050,57824,1
295007,85812,85174,1
295008,91722,57714,1
295009,73840,73823,1
295010,92234,96724,1
295011,86337,86337,1
295012,71502,71502,1
295013,75141,96608,1
295014,71365,71434,1
295015,63437,61796,1
295016,70185,97054,2
295017,87125,73795,1
295018,68704,96866,1
295019,68859,96426,1
295020,57780,57780,1
295021,60989,86789,1
295022,74866,64463,1
295023,66541,65124,1
295024,95468,96724,1
295025,87588,87588,1
295026,87160,87160,1
295027,73630,96478,1
295028,89114,88150,1
295029,91830,91830,1
295030,68556,58484,1
295031,92001,96724,1
295032,84260,84260,1
295033,75253,75253,1
295034,87136,61205,1
295035,75692,98135,1
295036,75692,86646,1
295037,73807,65851,1
295038,87595,87595,1
295039,87132,87132,1
295040,75665,75665,1
295041,88539,88539,2
295042,74443,67144,1
295043,63119,97917,1
295044,86902,86701,1
295045,69419,65124,1
295046,80054,96464,1
295047,78184,78184,1
295048,91721,96724,1
295049,72945,96287,1
295050,87155,87155,1
295051,68454,96123,1
295052,78200,78200,1
295053,87393,87393,1
295054,90368,90368,1
295055,63178,62090,1
295056,93837,93506,1
295057,64872,96155,1
295058,85159,85816,1
295059,69122,66524,1
295060,71055,71055,1
295061,81874,96724,1
295062,66175,97932,1
295063,76009,76598,1
295064,80538,99479,1
295065,88672,88672,1
295066,68487,88246,1
295067,68320,97932,1
295068,62174,74020,1
295069,96769,96844,1
295070,72523,75907,1
295071,99527,80812,1
295072,96244,96109,1
295073,91980,97087,1
295074,66003,66003,1
295075,57740,92190,1
295076,75526,96416,1
295077,99548,99548,1
295078,79038,79038,1
295079,76564,57692,1
295080,79897,79898,1
295081,68386,66966,1
295082,74614,96528,1
295083,96447,89460,1
295084,69952,69952,1
295085,69131,96426,1
295086,58969,58969,1
295087,72204,96126,1
295088,88449,88449,1
295089,59189,96405,1
295090,94423,94405,1
295091,66981,67077,1
295092,71302,88229,1
295093,68896,65104,1
295094,64628,66094,1
295095,71838,71838,1
295096,89334,89334,1
295097,90863,58597,1
295098,86974,86974,1
295099,72422,72503,1
295100,87077,86913,1
295101,66748,97474,1
295102,71735,96278,1
295103,96876,82527,1
295104,88503,88503,1
295105,72469,96560,1
295106,86701,87132,1
295107,86701,86902,1
295108,65747,66869,1
295109,83652,98968,1
295110,66428,65368,1
295111,66588,65124,1
295112,71357,96126,1
295113,66964,58484,1
295114,87329,86646,1
295115,96243,96219,1
295116,75152,65600,1
295117,64084,85177,1
295118,85512,85393,1
295119,67750,68372,1
295120,72080,71211,1
295121,81000,81000,1
295122,96918,84377,1
295123,81956,81956,1
295124,94056,88878,1
295125,70298,70693,1
295126,87971,62126,1
295127,91810,96724,1
295128,98876,99513,1
295129,66094,66094,2
295130,71020,96177,1
295131,88261,96724,1
295132,81856,81856,1
295133,92806,96724,2
295134,65453,58501,1
295135,65157,62012,1
295136,88585,88585,4
295137,82329,82329,1
295138,87886,85515,1
295139,74407,97595,1
295140,96111,96111,1
295141,71414,96272,1
295142,84373,84711,1
295143,81246,81246,1
295144,88848,89294,1
295145,77194,77194,1
295146,74426,96155,1
295147,75927,75927,1
295148,61905,88246,1
295149,95842,96724,1
295150,78953,97702,1
295151,83753,84754,1
295152,74466,61807,1
295153,71386,96452,1
295154,82233,96512,1
295155,75428,96126,1
295156,69640,69640,2
295157,74848,96278,1
295158,67305,58501,1
295159,90478,90478,1
295160,64818,65996,1
295161,78233,78233,1
295162,91641,96724,1
295163,85804,96943,1
295164,72087,96126,1
295165,69926,69926,1
295166,71957,71923,1
295167,82454,96787,1
295168,73562,73338,1
295169,84796,84754,1
295170,73102,70304,1
295171,71138,96126,1
295172,71237,71237,1
295173,84330,83848,1
295174,65116,69024,1
295175,92053,57775,1
295176,72240,72240,1
295177,87781,87781,1
295178,89048,70099,1
295179,66511,65104,1
295180,91708,91708,1
295181,93178,93498,1
295182,65045,65055,1
295183,64806,75744,1
295184,72135,96333,1
295185,87124,87124,1
295186,67485,98744,1
295187,86027,73795,2
295188,68760,69032,1
295189,66343,58484,1
295190,71379,96278,1
295191,67361,67339,1
295192,94872,95211,1
295193,75113,96216,1
295194,64816,81578,1
295195,67860,99461,1
295196,94121,94255,1
295197,92362,96724,1
295198,99422,99422,1
295199,73962,89105,1
295200,81082,81082,1
295201,72993,96401,1
295202,94640,94640,1
295203,90852,90138,1
295204,82301,82301,1
295205,87797,86004,1
295206,86966,86966,1
295207,72216,75232,1
295208,69449,65124,1
295209,96311,71917,1
295210,74920,75904,1
295211,69597,69597,3
295212,76398,76398,1
295213,68889,66907,1
295214,75146,75146,1
295215,66601,65325,1
295216,65789,96426,1
295217,81165,96534,1
295218,86012,61536,1
295219,75100,70851,1
295220,81761,81232,1
295221,88345,88909,1
295222,74861,74861,1
295223,94873,97143,1
295224,85845,85200,1
295225,95071,95071,1
295226,83931,83848,1
295227,65505,96426,1
295228,82279,81407,1
295229,88021,88021,6
295230,86800,86800,1
295231,65358,58501,2
295232,72117,72117,1
295233,70934,96126,1
295234,66268,83848,1
295235,74928,74928,1
295236,84157,83676,1
295237,91411,96724,1
295238,71732,71732,1
295239,75186,75020,1
295240,71785,96624,1
295241,71785,96432,1
295242,90038,90038,1
295243,94561,94561,1
295244,71656,96126,1
295245,73245,73245,1
295246,98969,98969,1
295247,72645,63853,1
295248,87271,87271,1
295249,68427,96278,1
295250,70593,70593,1
295251,75658,75658,1
295252,69619,97505,1
295253,68991,99516,1
295254,69887,96126,1
295255,87714,87714,1
295256,73334,72970,1
295257,75345,75345,1
295258,94929,95211,1
295259,84087,84754,1
295260,94262,94262,1
295261,96472,96318,1
295262,72099,89460,1
295263,73311,96317,1
295264,78446,78900,1
295265,93928,93928,1
295266,65263,65263,3
295267,65424,65424,1
295268,73892,96486,1
295269,96129,96129,1
295270,67197,89274,1
295271,72735,72735,1
295272,66142,58298,1
295273,64916,63697,1
295274,94554,94558,1
295275,92908,91512,1
295276,73443,71580,2
295277,65797,58261,1
295278,74148,96465,1
295279,79984,79984,1
295280,89064,89064,1
295281,66301,66301,1
295282,71205,96335,1
295283,96612,96612,1
295284,87689,73795,1
295285,66706,58501,1
295286,81581,81581,1
295287,67384,58597,1
295288,75572,75805,1
295289,70314,69983,1
295290,66728,65677,1
295291,74067,77362,1
295292,73427,73427,1
295293,74419,95713,1
295294,92182,96724,1
295295,66695,90465,1
295296,81569,96785,1
295297,83606,83606,1
295298,66362,58317,1
295299,77158,82941,1
295300,73710,96278,1
295301,96880,82202,1
295302,66231,96591,1
295303,68471,64465,1
295304,72229,96462,1
295305,82457,96871,1
295306,95097,95097,1
295307,74497,74497,1
295308,67716,58484,1
295309,86837,86526,1
295310,86837,86837,8
295311,87309,87309,1
295312,92780,96724,1
295313,84621,94737,1
295314,85489,86598,1
295315,86717,86717,1
295316,78224,78224,10
295317,76203,96486,1
295318,70565,70459,1
295319,67668,97054,1
295320,96603,70527,1
295321,69311,64484,1
295322,74715,74778,1
295323,76118,76118,1
295324,90600,90600,1
295325,93062,96724,1
295326,69886,71359,1
295327,71784,96126,1
295328,68372,65677,1
295329,81861,92817,1
295330,68175,68175,1
295331,91831,91831,1
295332,83559,57692,1
295333,73595,96200,1
295334,73595,71140,1
295335,70906,96167,1
295336,88124,88124,1
295337,77951,76553,1
295338,94594,94594,2
295339,75364,96279,1
295340,73992,98374,1
295341,66148,65171,1
295342,88804,88804,1
295343,82961,57692,1
295344,65195,73401,1
295345,75810,71723,1
295346,73260,83848,1
295347,65999,58501,1
295348,85151,61034,1
295349,85151,96937,1
295350,65293,67946,1
295351,67957,96426,1
295352,69575,69575,1
295353,75300,96528,1
295354,93746,93746,2
295355,99080,95692,1
295356,72744,96353,1
295357,69958,96126,1
295358,89870,89870,1
295359,89680,89680,1
295360,94075,94239,1
295361,92221,96724,1
295362,81933,81933,1
295363,96170,96318,1
295364,72136,75907,1
295365,81915,96899,1
295366,96544,74351,1
295367,73278,71473,1
295368,86550,87307,1
295369,74992,96340,1
295370,85236,85147,1
295371,72283,96531,1
295372,87386,87812,1
295373,72560,96278,1
295374,71489,96126,1
295375,73493,73493,1
295376,72098,96324,1
295377,89811,88229,1
295378,71642,71463,1
295379,70908,96114,1
295380,89245,89245,1
295381,75286,88246,1
295382,75286,72356,1
295383,72943,72943,1
295384,71713,96126,1
295385,73145,96272,1
295386,74588,96126,1
295387,71076,96231,1
295388,73903,96185,1
295389,84165,84165,1
295390,92117,96724,1
295391,78627,78627,1
295392,72061,73195,1
295393,88667,88505,1
295394,88654,88654,1
295395,87380,87380,1
295396,77500,77500,1
295397,75413,62059,1
295398,69857,69857,1
295399,78648,78648,1
295400,74450,98079,1
295401,75816,71359,1
295402,75628,96126,1
295403,88584,88584,1
295404,71449,96391,1
295405,72924,96401,1
295406,96828,81900,1
295407,73394,96173,1
295408,73644,96478,1
295409,73428,73319,1
295410,96347,70016,1
295411,71991,97897,1
295412,84124,96724,1
295413,90243,58578,1
295414,77145,77145,1
295415,89881,89881,1
295416,90036,90036,1
295417,96221,70910,1
295418,72846,96396,1
295419,71450,71450,1
295420,73873,73873,1
295421,77718,77718,1
295422,73418,96126,1
295423,82926,59890,1
295424,83949,83949,1
295425,87754,87754,1
295426,85480,96943,1
295427,82935,82935,1
295428,85767,96937,1
295429,82744,96512,1
295430,92612,96724,1
295431,76498,76498,1
295432,77421,77421,1
295433,87614,87723,1
295434,98921,98921,1
295435,90246,90246,1
295436,78683,97839,1
295437,87920,87920,2
295438,82490,56621,1
295439,93809,93833,1
295440,86637,86637,17
295441,87817,87817,1
295442,87494,87494,1
295443,83832,94737,1
295444,79842,96981,1
295445,95270,95211,1
295446,87148,86132,1
295447,87028,86721,1
295448,87028,87456,1
295449,95052,95211,1
295450,84054,57692,1
295451,83063,88246,1
295452,93061,96724,1
295453,81413,76430,1
295454,82131,82131,1
295455,90899,90899,1
295456,77347,94762,1
295457,87545,86646,1
295458,91869,96724,1
295459,91738,91738,1
295460,85354,85340,1
295461,85354,96943,1
295462,83283,82973,1
295463,88420,96724,1
295464,84357,96724,1
295465,87056,87056,1
295466,83680,57692,1
295467,84121,88246,1
295468,84061,83848,1
295469,92430,96871,1
295470,94558,94554,1
295471,83892,83848,1
295472,77197,97610,1
295473,91339,91339,1
295474,76566,64465,1
295475,95207,91688,1
295476,83638,96724,1
295477,85794,85200,1
295478,83280,83280,1
295479,89542,97054,1
295480,85153,98169,1
295481,87044,88876,1
295482,94436,93506,1
295483,89083,89083,1
295484,94129,94251,1
295485,93102,93102,1
295486,95289,96724,1
295487,84202,83307,1
295488,83409,83848,1
295489,87045,85542,1
295490,86758,86758,1
295491,87726,61315,1
295492,82928,59890,1
295493,89260,80778,1
295494,91562,96724,1
295495,94595,94595,1
295496,87524,87524,1
295497,91076,91076,1
295498,82303,83848,1
295499,90966,90966,1
295500,93771,94242,1
295501,88828,88256,1
295502,91777,96724,1
295503,81892,96877,1
295504,90133,89637,1
295505,87541,91471,1
295506,88998,88998,1
295507,82735,82735,1
295508,76915,83848,1
295509,92720,96724,1
295510,89551,89637,1
295511,80944,96943,1
295512,96706,96706,1
295513,80955,80955,1
295514,94785,70099,1
295515,94024,93363,1
295516,90671,90671,1
295517,76474,76474,1
295518,94185,93506,1
295519,99015,99015,1
295520,86551,87013,2
295521,86551,86837,1
295522,90257,90257,1
295523,79524,79524,1
295524,94801,95211,1
295525,96057,96057,1
295526,96837,82028,1
295527,87033,96943,1
295528,89645,97054,1
295529,88798,88841,1
295530,95253,96879,1
295531,89594,89546,1
295532,88648,89375,1
295533,76902,76593,1
295534,89550,97056,1
295535,92499,96724,1
295536,79411,89460,1
295537,95012,95012,1
295538,89024,87893,1
295539,93587,97132,1
295540,92836,96724,1
295541,80976,96724,1
295542,82480,76430,1
295543,76799,98515,1
295544,90116,89637,1
295545,76816,96724,1
295546,86819,86819,1
295547,99090,99090,1
295548,77078,95323,1
295549,86926,86854,1
295550,82526,98422,1
295551,91944,96724,1
295552,87741,85317,1
295553,90267,90267,1
295554,87798,61304,1
295555,87828,86646,1
295556,95140,96724,1
295557,93803,88149,1
295558,92718,98958,1
295559,91145,91145,1
295560,90123,90138,1
295561,86561,86561,1
295562,91154,91154,1
295563,93363,93947,1
295564,89439,89439,1
295565,80088,80088,1
295566,86844,86827,1
295567,90709,90709,1
295568,92636,96724,1
295569,87710,86646,1
295570,89717,89717,1
295571,93465,93595,1
295572,90718,89546,1
295573,93852,93746,1
295574,94862,94862,1
295575,92915,92915,1
295576,88491,88051,1
295577,92128,96724,1
295578,93168,94037,1
295579,93468,93790,1
295580,88737,96724,1
295581,88454,88454,6
295582,97029,89007,1
295583,88766,88414,1
295584,86829,86646,1
295585,89027,88206,1
295586,90625,90625,1
295587,93701,94255,1
295588,88299,88560,1
295589,86979,86979,1
295590,92545,96724,1
295591,93722,89492,1
295592,91849,96724,2
295593,90544,97051,1
295594,87057,97003,1
295595,91743,96712,1
295596,92498,91037,1
295597,93844,89061,1
295598,92799,96724,1
295599,90606,97979,1
295600,90156,90156,1
295601,86919,87601,1
295602,93709,94037,1
295603,93411,88477,1
295604,93411,94037,1
295605,91432,96724,3
295606,94089,94255,1
295607,93812,88149,1
295608,90194,97054,1
295609,87658,87658,1
295610,87602,87602,1
295611,82697,57692,1
295612,94525,94113,1
295613,93170,93170,1
295614,90512,90512,1
295615,88782,87936,1
295616,89857,89857,1
295617,91105,91105,1
295618,86794,87145,1
295619,87590,87590,1
295620,89079,87936,1
295621,90534,89647,1
295622,87145,87145,1
295623,89461,97009,1
295624,94107,97119,1
295625,92316,96724,1
295626,94851,70099,1
295627,87538,91471,1
295628,91365,96724,1
295629,90219,97051,1
295630,92682,97079,1
295631,90779,90779,1
295632,92982,57692,1
295633,86586,87526,1
295634,89252,88560,1
295635,88582,88044,1
295636,97135,97135,1
295637,89188,87954,1
295638,89627,89637,1
295639,90277,90277,1
295640,88331,88510,1
295641,92798,83848,1
295642,89514,93367,1
295643,87037,86646,1
295644,87362,87526,1
295645,94848,96724,1
295646,94039,88878,1
295647,89779,58596,1
295648,93815,88477,1
295649,89385,88078,1
295650,91695,96724,1
295651,95376,97148,1
295652,90968,97054,1
295653,89401,89011,1
295654,88050,88050,1
295655,92897,64465,1
295656,87864,83848,1
295657,88145,88145,1
295658,93967,93153,1
295659,93851,94255,1
295660,90262,97054,1
295661,93120,94113,1
295662,93111,94255,1
295663,91416,96724,1
295664,87224,86646,1
295665,87192,87456,1
