retweeted_id,retweet_id,original_tweet_id
188893,583,51815
188894,589,51816
188895,609,51824
188896,610,51825
188897,620,51828
188898,628,51831
188899,646,51835
188900,647,51836
188901,659,51840
188902,661,51841
188903,689,51848
188904,692,51849
188905,693,51850
188906,699,51854
188907,702,51856
188908,703,51857
188909,705,51858
188910,709,51860
188911,712,51861
188912,716,51864
188913,718,51865
188914,728,51868
188915,733,51869
188916,735,51870
188917,740,51871
188918,743,51872
188919,746,51875
188920,748,51876
188921,749,51877
188922,757,51879
188923,764,51883
188924,767,51885
188925,772,51886
188926,776,51887
188927,784,51891
188928,787,51893
188929,790,51895
188930,792,51896
188931,804,51900
188932,810,51901
188933,818,51903
188934,826,51905
188935,828,51907
188936,831,51909
188937,833,51910
188938,841,51912
188939,843,51913
188940,845,51914
188941,856,51916
188942,860,51917
188943,861,51918
188944,864,51919
188945,865,51920
188946,871,51922
188947,872,51923
188948,875,51924
188949,876,51925
188950,883,51926
188951,884,51927
188952,900,51932
188953,901,51933
188954,902,51934
188955,906,51935
188956,907,51936
188957,912,51938
188958,915,51939
188959,916,51940
188960,917,51941
188961,926,51945
188962,938,51950
188963,939,51951
188964,955,51954
188965,962,51956
188966,967,51957
188967,970,51958
188968,973,51960
188969,990,51965
188970,996,51968
188971,1003,51972
188972,1006,51972
188973,1008,51975
188974,1014,51977
188975,1015,51972
188976,1020,51980
188977,1028,1027
188978,1029,1027
188979,1034,51983
188980,1036,51984
188981,1037,51985
188982,1038,51986
188983,1045,51989
188984,1048,51991
188985,1051,51992
188986,1060,51996
188987,1065,51997
188988,1068,51998
188989,1073,52001
188990,1074,52002
188991,1079,52003
188992,1083,52005
188993,1085,52006
188994,1087,52007
188995,1094,51998
188996,1109,52012
188997,1110,52013
188998,1122,52015
188999,1128,52017
189000,1137,52019
189001,1139,52020
189002,1156,52024
189003,1157,52025
189004,1159,52026
189005,1168,52027
189006,1180,52029
189007,1188,52032
189008,1200,52034
189009,1208,52036
189010,1210,52037
189011,1211,52038
189012,1220,52039
189013,1239,52046
189014,1243,52047
189015,1244,52048
189016,1250,52051
189017,1256,52054
189018,1257,52055
189019,1263,52056
189020,1268,52058
189021,1269,52059
189022,1277,52062
189023,1278,52063
189024,1297,52066
189025,1301,52069
189026,1322,52072
189027,1324,52073
189028,1330,52075
189029,1331,52076
189030,1333,52077
189031,1335,52076
189032,1336,52076
189033,1337,52078
189034,1340,52077
189035,1342,52076
189036,1343,52078
189037,1344,52075
189038,1345,52079
189039,1346,52077
189040,1347,52076
189041,1348,52078
189042,1351,52078
189043,1357,52078
189044,1362,52082
189045,1363,52083
189046,1364,52084
189047,1366,52078
189048,1372,52086
189049,1373,52087
189050,1381,52089
189051,1384,52090
189052,1390,52079
189053,1398,52092
189054,1404,52094
189055,1407,52095
189056,1418,52098
189057,1421,52099
189058,1422,52100
189059,1423,52101
189060,1425,52101
189061,1429,52089
189062,1434,52104
189063,1436,52105
189064,1437,52105
189065,1438,52106
189066,1440,52108
189067,1441,52109
189068,1444,52110
189069,1449,52111
189070,1452,52077
189071,1457,52113
189072,1462,52114
189073,1464,52115
189074,1471,52116
189075,1473,52118
189076,1477,52119
189077,1478,52120
189078,1481,52118
189079,1498,52124
189080,1508,52125
189081,1510,52126
189082,1523,52127
189083,1524,52128
189084,1532,52129
189085,1534,52130
189086,1569,52133
189087,1572,52134
189088,1580,52137
189089,1596,52138
189090,1599,52139
189091,1602,52140
189092,1603,52141
189093,1606,52142
189094,1610,52143
189095,1612,52144
189096,1613,52145
189097,1615,52146
189098,1619,52147
189099,1620,52148
189100,1622,52150
189101,1629,52152
189102,1636,52153
189103,1639,1638
189104,1640,52147
189105,1642,52154
189106,1652,52156
189107,1653,52157
189108,1654,52158
189109,1655,52159
189110,1659,52160
189111,1665,52162
189112,1666,52163
189113,1670,52164
189114,1673,52165
189115,1676,52167
189116,1680,52169
189117,1686,52170
189118,1688,52171
189119,1689,52172
189120,1690,52173
189121,1695,52176
189122,1696,52177
189123,1699,52179
189124,1707,52181
189125,1710,52171
189126,1712,52182
189127,1714,52184
189128,1715,52185
189129,1719,52187
189130,1724,52189
189131,1726,52191
189132,1730,52192
189133,1731,52193
189134,1732,52194
189135,1735,52196
189136,1736,52197
189137,1737,52196
189138,1740,52198
189139,1742,52196
189140,1744,52196
189141,1745,52199
189142,1747,52200
189143,1752,52201
189144,1760,52202
189145,1770,52204
189146,1775,52207
189147,1776,52208
189148,1778,52209
189149,1780,52211
189150,1783,52213
189151,1785,52214
189152,1787,52216
189153,1789,52218
189154,1790,52219
189155,1794,52221
189156,1795,52222
189157,1796,52223
189158,1799,52224
189159,1802,52227
189160,1806,52229
189161,1808,52231
189162,1811,52232
189163,1815,52233
189164,1818,52234
189165,1822,52235
189166,1828,52238
189167,1830,52240
189168,1832,52241
189169,1835,52242
189170,1842,52233
189171,1846,52244
189172,1848,52246
189173,1849,52247
189174,1853,52248
189175,1855,52249
189176,1859,52250
189177,1860,52251
189178,1863,52252
189179,1875,52255
189180,1877,52256
189181,1878,52257
189182,1879,52258
189183,1882,52259
189184,1884,52260
189185,1886,52261
189186,1887,52262
189187,1888,52263
189188,1897,52265
189189,1900,52267
189190,1904,52267
189191,1909,52269
189192,1911,52270
189193,1913,52271
189194,1923,52272
189195,1926,52273
189196,1928,52274
189197,1931,52275
189198,1933,52276
189199,1940,52278
189200,1943,52279
189201,1944,52278
189202,1946,52280
189203,1949,52281
189204,1955,52282
189205,1957,52283
189206,1958,52284
189207,1959,52284
189208,1960,52285
189209,1963,52287
189210,1965,52288
189211,1966,52289
189212,1967,52290
189213,1969,52291
189214,1970,52292
189215,1971,52293
189216,1972,52294
189217,1987,52295
189218,1990,52296
189219,1995,52297
189220,1997,52298
189221,2002,52299
189222,2006,52300
189223,2007,52301
189224,2010,52303
189225,2023,52305
189226,2026,52307
189227,2036,52309
189228,2038,52310
189229,2039,52309
189230,2040,52311
189231,2041,52312
189232,2046,52313
189233,2048,2047
189234,2049,52314
189235,2055,52316
189236,2061,2060
189237,2063,52317
189238,2065,52318
189239,2069,52319
189240,2072,52320
189241,2074,52321
189242,2075,52322
189243,2078,52324
189244,2082,52325
189245,2088,52327
189246,2089,52328
189247,2094,52329
189248,2101,52331
189249,2108,52333
189250,2116,52335
189251,2120,52336
189252,2121,52337
189253,2123,52338
189254,2129,52341
189255,2138,52342
189256,2139,52343
189257,2140,52344
189258,2141,52343
189259,2142,52345
189260,2144,52347
189261,2147,52348
189262,2149,52349
189263,2151,52351
189264,2152,52352
189265,2153,52353
189266,2154,52354
189267,2157,52355
189268,2158,52356
189269,2159,52357
189270,2160,52358
189271,2161,52359
189272,2168,52360
189273,2169,52361
189274,2176,52363
189275,2181,52365
189276,2183,52366
189277,2184,52367
189278,2201,52370
189279,2206,52371
189280,2207,52372
189281,2209,52373
189282,2220,52310
189283,2224,52375
189284,2226,52376
189285,2229,52377
189286,2232,52378
189287,2234,52378
189288,2236,52380
189289,2237,52381
189290,2240,52383
189291,2241,52384
189292,2248,52386
189293,2252,52387
189294,2254,52388
189295,2255,52389
189296,2258,52390
189297,2261,52391
189298,2264,52392
189299,2268,52393
189300,2272,52396
189301,2276,52388
189302,2278,52397
189303,2283,52398
189304,2292,52400
189305,2298,2297
189306,2299,52401
189307,2301,52402
189308,2302,52403
189309,2305,52404
189310,2307,52405
189311,2310,52406
189312,2311,52407
189313,2312,52406
189314,2313,52408
189315,2314,52406
189316,2324,52410
189317,2325,52411
189318,2330,52413
189319,2331,52414
189320,2336,2335
189321,2341,52416
189322,2343,52417
189323,2345,52418
189324,2346,52419
189325,2348,52420
189326,2356,52424
189327,2360,52425
189328,2361,52426
189329,2365,52427
189330,2368,52428
189331,2373,52429
189332,2374,52430
189333,2381,52432
189334,2382,52433
189335,2393,52434
189336,2394,52435
189337,2396,52436
189338,2398,52437
189339,2403,52439
189340,2404,52440
189341,2410,52442
189342,2412,52444
189343,2415,52446
189344,2417,52447
189345,2421,52450
189346,2424,52452
189347,2427,52453
189348,2428,52454
189349,2430,52455
189350,2432,52456
189351,2433,52457
189352,2438,52459
189353,2440,52460
189354,2441,52461
189355,2443,52462
189356,2444,52463
189357,2448,52464
189358,2449,52465
189359,2450,52466
189360,2451,52467
189361,2453,52469
189362,2461,52472
189363,2464,52473
189364,2468,52474
189365,2472,52475
189366,2473,52476
189367,2476,52478
189368,2477,52479
189369,2478,52480
189370,2483,52481
189371,2484,52480
189372,2489,52483
189373,2494,52484
189374,2499,52485
189375,2500,52486
189376,2518,52490
189377,2520,52491
189378,2521,52490
189379,2523,52492
189380,2524,52493
189381,2527,52496
189382,2534,52499
189383,2537,52500
189384,2539,52499
189385,2542,52501
189386,2547,52504
189387,2552,52505
189388,2557,52505
189389,2558,52507
189390,2566,52508
189391,2568,52509
189392,2573,52511
189393,2574,52512
189394,2576,52513
189395,2580,52514
189396,2585,52515
189397,2587,52516
189398,2591,52517
189399,2592,52518
189400,2603,52520
189401,2606,52518
189402,2621,52525
189403,2623,52526
189404,2624,52527
189405,2627,52528
189406,2628,52529
189407,2636,52518
189408,2638,52530
189409,2641,52531
189410,2643,52532
189411,2651,52533
189412,2653,52534
189413,2656,52536
189414,2657,52536
189415,2660,52537
189416,2661,52538
189417,2664,52537
189418,2668,52532
189419,2670,52541
189420,2675,52538
189421,2679,52542
189422,2681,52543
189423,2686,52544
189424,2694,52547
189425,2698,52548
189426,2700,52549
189427,2701,52550
189428,2704,52550
189429,2712,52553
189430,2714,52554
189431,2715,52555
189432,2728,52558
189433,2733,52559
189434,2735,52560
189435,2737,2736
189436,2743,52561
189437,2753,52562
189438,2765,52566
189439,2768,52568
189440,2771,52569
189441,2774,52532
189442,2780,52516
189443,2782,52574
189444,2786,52576
189445,2793,52577
189446,2797,52579
189447,2800,52580
189448,2803,52581
189449,2806,52582
189450,2809,52584
189451,2810,52585
189452,2812,52582
189453,2814,52586
189454,2821,52588
189455,2822,52589
189456,2823,52590
189457,2826,52591
189458,2827,52588
189459,2829,52592
189460,2830,52593
189461,2831,52594
189462,2832,52595
189463,2833,52596
189464,2834,52590
189465,2836,52591
189466,2837,52597
189467,2840,52598
189468,2841,52599
189469,2844,52601
189470,2850,52602
189471,2853,52603
189472,2854,52604
189473,2856,52605
189474,2863,52607
189475,2866,52608
189476,2869,52610
189477,2882,52612
189478,2884,52613
189479,2890,52590
189480,2895,52616
189481,2896,52617
189482,2900,52618
189483,2902,52619
189484,2903,52620
189485,2905,52621
189486,2911,52623
189487,2912,52624
189488,2913,52624
189489,2915,52624
189490,2918,52625
189491,2921,52626
189492,2925,52627
189493,2926,52628
189494,2929,52629
189495,2934,52630
189496,2935,52631
189497,2949,52635
189498,2952,52636
189499,2954,52637
189500,2958,52639
189501,2970,52642
189502,2971,52643
189503,2973,52644
189504,2975,52645
189505,2982,52650
189506,2985,52651
189507,2990,52652
189508,2991,52653
189509,2993,52654
189510,2994,52655
189511,2997,52656
189512,2999,52658
189513,3000,52659
189514,3004,52662
189515,3007,52664
189516,3008,52665
189517,3009,52666
189518,3010,52667
189519,3011,52668
189520,3013,52669
189521,3017,52670
189522,3021,52673
189523,3025,52675
189524,3028,52676
189525,3032,52678
189526,3038,52680
189527,3039,52681
189528,3042,52683
189529,3043,52684
189530,3044,52685
189531,3047,3046
189532,3049,52688
189533,3050,52689
189534,3054,52685
189535,3055,52690
189536,3057,52692
189537,3058,52693
189538,3061,52694
189539,3063,52696
189540,3067,52698
189541,3068,52699
189542,3069,52700
189543,3071,52701
189544,3072,52702
189545,3076,52701
189546,3077,52704
189547,3078,52705
189548,3079,52706
189549,3081,52707
189550,3086,52709
189551,3087,52710
189552,3091,52712
189553,3092,52713
189554,3100,52714
189555,3101,52715
189556,3103,52716
189557,3105,52716
189558,3108,52717
189559,3113,52716
189560,3116,52701
189561,3121,52720
189562,3122,52721
189563,3123,52722
189564,3125,52724
189565,3127,52725
189566,3130,52726
189567,3133,52728
189568,3135,52729
189569,3136,52730
189570,3139,52732
189571,3140,52733
189572,3142,52734
189573,3143,52735
189574,3144,52736
189575,3147,52739
189576,3148,52740
189577,3150,52741
189578,3160,52743
189579,3162,52744
189580,3163,52745
189581,3164,52746
189582,3167,52748
189583,3168,52749
189584,3170,52750
189585,3171,52751
189586,3173,52752
189587,3180,52716
189588,3181,52755
189589,3182,52756
189590,3185,52757
189591,3187,52758
189592,3190,3189
189593,3191,52759
189594,3193,52760
189595,3196,52761
189596,3197,52762
189597,3198,52761
189598,3199,52763
189599,3200,52764
189600,3202,52765
189601,3208,52768
189602,3210,52769
189603,3211,52770
189604,3216,52770
189605,3217,52769
189606,3225,52773
189607,3226,52769
189608,3227,52774
189609,3228,52775
189610,3232,52778
189611,3235,52780
189612,3236,52781
189613,3241,52784
189614,3242,52769
189615,3246,52785
189616,3250,52786
189617,3251,52787
189618,3252,52788
189619,3253,52789
189620,3254,52790
189621,3258,52792
189622,3260,52793
189623,3261,52794
189624,3262,52795
189625,3263,52796
189626,3265,52797
189627,3266,52798
189628,3270,52801
189629,3272,52689
189630,3273,52802
189631,3275,52803
189632,3277,52804
189633,3283,52806
189634,3285,52807
189635,3286,52808
189636,3287,52809
189637,3289,52810
189638,3291,52811
189639,3294,52812
189640,3296,52813
189641,3298,52815
189642,3299,52816
189643,3302,52818
189644,3303,52819
189645,3305,52821
189646,3306,52822
189647,3312,52821
189648,3313,52823
189649,3314,52824
189650,3315,52825
189651,3317,52827
189652,3318,52828
189653,3319,52829
189654,3320,52830
189655,3323,52831
189656,3328,52833
189657,3329,52834
189658,3330,52834
189659,3331,52834
189660,3332,52835
189661,3333,52836
189662,3334,52834
189663,3335,52834
189664,3336,52837
189665,3337,52838
189666,3338,52839
189667,3340,52840
189668,3342,52842
189669,3346,52843
189670,3348,52844
189671,3350,52845
189672,3352,52781
189673,3354,52846
189674,3355,52847
189675,3356,52848
189676,3360,52849
189677,3362,52850
189678,3363,52851
189679,3364,52852
189680,3365,52853
189681,3366,52854
189682,3367,52831
189683,3368,52855
189684,3369,52831
189685,3370,52856
189686,3372,52857
189687,3374,52858
189688,3375,52859
189689,3376,52860
189690,3377,52831
189691,3378,52861
189692,3379,52840
189693,3382,3381
189694,3383,52862
189695,3384,52863
189696,3386,52865
189697,3389,52866
189698,3390,52866
189699,3392,52867
189700,3393,52866
189701,3396,52866
189702,3402,52866
189703,3404,52834
189704,3405,52870
189705,3406,52871
189706,3408,52872
189707,3409,52866
189708,3410,52873
189709,3411,52874
189710,3412,52873
189711,3413,52875
189712,3415,52877
189713,3416,52874
189714,3419,52874
189715,3422,52866
189716,3423,52878
189717,3424,52879
189718,3427,52880
189719,3428,52866
189720,3429,52881
189721,3430,52882
189722,3432,52883
189723,3436,52884
189724,3446,52886
189725,3447,52887
189726,3448,52888
189727,3449,52889
189728,3450,52874
189729,3451,52866
189730,3452,52866
189731,3453,52866
189732,3455,52860
189733,3458,52891
189734,3462,52893
189735,3468,52894
189736,3470,52895
189737,3471,52896
189738,3473,52781
189739,3475,52897
189740,3477,52898
189741,3479,52899
189742,3486,52901
189743,3487,52902
189744,3488,52903
189745,3489,52903
189746,3490,52866
189747,3492,52905
189748,3494,52906
189749,3495,52907
189750,3496,52866
189751,3500,52909
189752,3502,52861
189753,3506,52910
189754,3508,52911
189755,3513,52838
189756,3516,52912
189757,3519,52913
189758,3530,52914
189759,3531,52915
189760,3534,52916
189761,3535,52917
189762,3539,52919
189763,3541,52920
189764,3554,52923
189765,3555,52923
189766,3556,52924
189767,3560,52926
189768,3570,52928
189769,3572,52929
189770,3573,52930
189771,3580,52932
189772,3582,52933
189773,3585,52923
189774,3594,52935
189775,3597,52936
189776,3600,52937
189777,3601,52938
189778,3602,52938
189779,3607,52939
189780,3612,52940
189781,3616,52937
189782,3620,52942
189783,3628,52943
189784,3630,52944
189785,3634,52866
189786,3635,52946
189787,3637,52947
189788,3640,52949
189789,3643,52951
189790,3645,52952
189791,3646,52953
189792,3649,52954
189793,3650,52955
189794,3656,52956
189795,3658,52957
189796,3659,52958
189797,3663,52959
189798,3677,52960
189799,3678,52961
189800,3686,52962
189801,3687,52963
189802,3693,52965
189803,3702,52968
189804,3705,52970
189805,3706,52971
189806,3708,52972
189807,3712,52973
189808,3718,52974
189809,3719,52975
189810,3721,52977
189811,3726,52979
189812,3731,52982
189813,3741,52986
189814,3750,52991
189815,3753,52992
189816,3768,52996
189817,3773,52999
189818,3775,53000
189819,3777,53002
189820,3778,53003
189821,3779,53004
189822,3781,53005
189823,3782,53003
189824,3785,53006
189825,3786,53007
189826,3787,53008
189827,3793,53012
189828,3795,53013
189829,3796,53014
189830,3797,53015
189831,3799,53017
189832,3808,53004
189833,3811,53020
189834,3814,53022
189835,3817,53023
189836,3821,53026
189837,3822,53027
189838,3825,53028
189839,3827,53029
189840,3828,53030
189841,3833,53032
189842,3838,53035
189843,3839,53036
189844,3841,53037
189845,3845,53038
189846,3855,53042
189847,3858,53043
189848,3860,53044
189849,3864,53045
189850,3876,53048
189851,3885,53050
189852,3886,53051
189853,3887,53052
189854,3891,53053
189855,3897,53055
189856,3898,53056
189857,3899,53057
189858,3900,53058
189859,3901,53059
189860,3903,53060
189861,3905,53050
189862,3908,53061
189863,3910,53062
189864,3912,53063
189865,3914,53064
189866,3915,53065
189867,3917,53066
189868,3918,53067
189869,3919,53068
189870,3921,53069
189871,3923,53070
189872,3924,53071
189873,3925,53056
189874,3926,53072
189875,3928,53073
189876,3929,53074
189877,3930,53075
189878,3931,53075
189879,3933,53076
189880,3934,53075
189881,3935,53012
189882,3937,53077
189883,3938,53078
189884,3942,53079
189885,3948,53073
189886,3951,53081
189887,3954,53082
189888,3955,53083
189889,3959,53062
189890,3975,53088
189891,3976,53089
189892,3985,53095
189893,3986,53096
189894,3987,53097
189895,3988,53098
189896,3989,53099
189897,3996,53095
189898,4000,53103
189899,4002,53072
189900,4003,53105
189901,4017,53109
189902,4019,53110
189903,4021,53111
189904,4023,53073
189905,4025,53112
189906,4027,53062
189907,4035,53114
189908,4039,53095
189909,4040,53115
189910,4041,53116
189911,4043,53117
189912,4045,53118
189913,4050,53120
189914,4053,53121
189915,4055,53122
189916,4059,53123
189917,4062,53124
189918,4065,53126
189919,4066,53127
189920,4068,53062
189921,4073,53129
189922,4079,53132
189923,4080,53133
189924,4083,53056
189925,4085,53062
189926,4095,53136
189927,4097,53136
189928,4101,53073
189929,4104,53139
189930,4105,53140
189931,4107,53141
189932,4108,53062
189933,4109,53142
189934,4111,53144
189935,4112,53145
189936,4115,53148
189937,4124,53152
189938,4127,53153
189939,4132,53157
189940,4136,53159
189941,4140,53160
189942,4150,53164
189943,4153,53165
189944,4154,53166
189945,4157,53167
189946,4158,53168
189947,4161,53169
189948,4162,53170
189949,4170,53172
189950,4171,53173
189951,4173,53174
189952,4174,53175
189953,4176,53176
189954,4181,53178
189955,4183,53180
189956,4187,53183
189957,4188,53183
189958,4191,53184
189959,4192,53185
189960,4193,53186
189961,4199,53188
189962,4204,53189
189963,4207,53190
189964,4208,53191
189965,4212,53192
189966,4213,53193
189967,4215,53194
189968,4220,53195
189969,4226,53197
189970,4227,53198
189971,4228,53199
189972,4229,53200
189973,4230,53201
189974,4231,53202
189975,4234,53203
189976,4235,53204
189977,4236,53205
189978,4237,53206
189979,4238,53207
189980,4239,53208
189981,4242,53209
189982,4243,53209
189983,4249,53212
189984,4250,53213
189985,4252,53214
189986,4257,53217
189987,4264,53219
189988,4266,53220
189989,4267,53221
189990,4272,53225
189991,4273,53226
189992,4286,53229
189993,4289,53231
189994,4293,53232
189995,4297,53233
189996,4302,53234
189997,4307,53236
189998,4308,53237
189999,4315,53240
190000,4319,53242
190001,4323,53244
190002,4327,53246
190003,4338,53248
190004,4345,53251
190005,4349,53253
190006,4353,53254
190007,4359,53257
190008,4362,53258
190009,4364,53259
190010,4367,53260
190011,4369,53261
190012,4370,53259
190013,4378,53260
190014,4380,53259
190015,4383,53264
190016,4384,53264
190017,4385,53265
190018,4391,53266
190019,4394,53269
190020,4396,53270
190021,4397,53271
190022,4400,53272
190023,4406,53274
190024,4408,53275
190025,4411,53276
190026,4420,53281
190027,4426,53284
190028,4429,53285
190029,4435,53287
190030,4442,53289
190031,4443,53290
190032,4449,53291
190033,4460,53295
190034,4465,53297
190035,4466,53298
190036,4467,53299
190037,4468,53300
190038,4469,53298
190039,4470,53298
190040,4471,53301
190041,4473,53298
190042,4474,53298
190043,4475,53302
190044,4476,53303
190045,4477,53304
190046,4479,53298
190047,4481,53305
190048,4482,53298
190049,4483,53298
190050,4486,53306
190051,4487,53305
190052,4493,53298
190053,4495,53307
190054,4496,53307
190055,4497,53307
190056,4498,53308
190057,4501,53309
190058,4502,53310
190059,4509,53314
190060,4510,53315
190061,4517,53318
190062,4519,53319
190063,4523,53320
190064,4526,53322
190065,4527,53323
190066,4528,53324
190067,4529,53325
190068,4531,53326
190069,4537,53320
190070,4545,53329
190071,4546,53330
190072,4547,53331
190073,4548,53332
190074,4552,53333
190075,4556,53334
190076,4558,53335
190077,4559,53335
190078,4560,53335
190079,4561,53335
190080,4563,53335
190081,4565,53335
190082,4566,53335
190083,4567,53335
190084,4568,53337
190085,4569,53335
190086,4573,53335
190087,4574,53339
190088,4576,53341
190089,4577,53342
190090,4578,53342
190091,4585,53344
190092,4587,53345
190093,4590,53347
190094,4601,53335
190095,4605,53342
190096,4621,53335
190097,4628,53350
190098,4632,53351
190099,4633,53352
190100,4639,53354
190101,4640,53355
190102,4644,53356
190103,4645,53356
190104,4646,53357
190105,4647,53358
190106,4648,53359
190107,4652,53360
190108,4653,53360
190109,4656,53361
190110,4659,53362
190111,4660,53363
190112,4662,53364
190113,4668,53367
190114,4672,53367
190115,4677,53368
190116,4678,53367
190117,4679,53369
190118,4680,53370
190119,4681,53371
190120,4685,53371
190121,4686,53372
190122,4689,53374
190123,4691,53374
190124,4692,53375
190125,4693,53376
190126,4694,53377
190127,4695,53378
190128,4696,53379
190129,4700,53381
190130,4706,53382
190131,4707,53382
190132,4709,53383
190133,4710,53382
190134,4711,53384
190135,4712,53385
190136,4715,53386
190137,4720,53383
190138,4721,53383
190139,4723,53389
190140,4724,53390
190141,4728,53391
190142,4729,53392
190143,4730,53393
190144,4733,53394
190145,4736,53395
190146,4739,53396
190147,4740,53397
190148,4741,53398
190149,4743,53400
190150,4744,53401
190151,4745,53402
190152,4746,53403
190153,4747,53397
190154,4750,53382
190155,4751,53404
190156,4752,53404
190157,4755,53405
190158,4756,53405
190159,4759,53407
190160,4764,53410
190161,4767,53410
190162,4772,53412
190163,4774,53413
190164,4775,53414
190165,4777,53416
190166,4779,53417
190167,4781,53418
190168,4782,53419
190169,4785,53420
190170,4788,53420
190171,4792,53423
190172,4795,53424
190173,4797,53426
190174,4798,53427
190175,4803,53423
190176,4807,53432
190177,4815,53397
190178,4816,53433
190179,4817,53434
190180,4821,53434
190181,4826,53435
190182,4828,53436
190183,4829,53437
190184,4831,53424
190185,4837,53439
190186,4840,53440
190187,4841,53441
190188,4842,53442
190189,4843,53443
190190,4844,53444
190191,4849,53446
190192,4850,53447
190193,4853,53397
190194,4854,53442
190195,4855,53448
190196,4857,53450
190197,4861,53451
190198,4865,53452
190199,4866,53453
190200,4870,53456
190201,4872,53424
190202,4875,53457
190203,4877,53459
190204,4878,53460
190205,4880,53461
190206,4886,53464
190207,4888,53424
190208,4897,53466
190209,4898,53467
190210,4899,53468
190211,4900,53469
190212,4907,53472
190213,4908,53473
190214,4917,53474
190215,4918,53475
190216,4921,53476
190217,4922,53477
190218,4934,53478
190219,4936,53479
190220,4937,53480
190221,4946,53485
190222,4952,53486
190223,4954,53487
190224,4955,53488
190225,4959,53490
190226,4961,53488
190227,4963,53491
190228,4966,53493
190229,4972,53494
190230,4973,53495
190231,4974,53496
190232,4977,53490
190233,4980,53498
190234,4981,53499
190235,4983,53500
190236,4984,53501
190237,4985,53502
190238,4986,53503
190239,4987,53504
190240,4988,53505
190241,4989,53506
190242,4992,53507
190243,4994,53508
190244,4995,53509
190245,4996,53510
190246,5000,53511
190247,5003,53512
190248,5007,53514
190249,5008,53512
190250,5010,53516
190251,5012,53516
190252,5013,53518
190253,5015,53519
190254,5016,53520
190255,5019,53521
190256,5024,53516
190257,5037,53527
190258,5043,53530
190259,5044,53531
190260,5045,53532
190261,5046,53533
190262,5047,53534
190263,5050,53536
190264,5054,53537
190265,5064,53538
190266,5066,53539
190267,5068,53540
190268,5074,53541
190269,5077,53542
190270,5082,53543
190271,5087,53545
190272,5088,53546
190273,5093,53547
190274,5094,53548
190275,5096,53550
190276,5097,53551
190277,5098,53552
190278,5103,53553
190279,5106,53555
190280,5110,53557
190281,5111,53558
190282,5112,53559
190283,5114,53560
190284,5117,53561
190285,5118,53562
190286,5120,53563
190287,5125,53566
190288,5130,53569
190289,5131,53570
190290,5137,53573
190291,5145,53576
190292,5146,53577
190293,5147,53578
190294,5148,53579
190295,5150,53580
190296,5152,53579
190297,5157,53585
190298,5191,53594
190299,5193,53595
190300,5197,53597
190301,5204,53601
190302,5207,53604
190303,5208,53605
190304,5209,53606
190305,5211,53607
190306,5213,53608
190307,5217,53609
190308,5219,53611
190309,5220,53612
190310,5223,53613
190311,5226,53615
190312,5232,53617
190313,5233,53618
190314,5235,53619
190315,5236,53620
190316,5237,53621
190317,5238,53622
190318,5241,53624
190319,5242,53625
190320,5243,53626
190321,5249,53628
190322,5251,53629
190323,5252,53630
190324,5256,53634
190325,5260,53637
190326,5261,53638
190327,5263,53639
190328,5266,53642
190329,5267,53643
190330,5268,53644
190331,5269,53645
190332,5274,53647
190333,5275,53648
190334,5279,53649
190335,5282,53652
190336,5283,53653
190337,5286,53622
190338,5287,53654
190339,5289,53655
190340,5296,53657
190341,5297,53658
190342,5300,53659
190343,5301,53660
190344,5305,53663
190345,5313,53668
190346,5316,53669
190347,5320,53671
190348,5323,53672
190349,5325,53673
190350,5328,53674
190351,5330,53675
190352,5331,53676
190353,5333,53678
190354,5337,53681
190355,5345,53686
190356,5352,53690
190357,5354,53691
190358,5355,53692
190359,5356,53693
190360,5358,53695
190361,5359,53696
190362,5360,53697
190363,5363,53695
190364,5366,53695
190365,5367,53700
190366,5368,53701
190367,5371,53704
190368,5372,53705
190369,5375,53707
190370,5376,53708
190371,5378,53710
190372,5381,53711
190373,5385,53713
190374,5389,53714
190375,5390,53715
190376,5394,53716
190377,5397,53718
190378,5400,53720
190379,5402,53721
190380,5406,53724
190381,5407,53725
190382,5408,53726
190383,5410,53727
190384,5411,53728
190385,5412,53729
190386,5413,53730
190387,5421,53733
190388,5423,53735
190389,5432,53741
190390,5434,53742
190391,5436,53744
190392,5437,53745
190393,5438,53746
190394,5439,53747
190395,5446,53750
190396,5451,53751
190397,5452,53752
190398,5461,53754
190399,5462,53741
190400,5474,53758
190401,5477,53759
190402,5478,53760
190403,5479,53761
190404,5481,53762
190405,5485,53765
190406,5493,53769
190407,5496,53770
190408,5497,53771
190409,5504,53774
190410,5507,53777
190411,5516,53780
190412,5519,53782
190413,5521,53783
190414,5522,53784
190415,5526,53787
190416,5527,53788
190417,5528,53789
190418,5537,53791
190419,5538,53792
190420,5551,53795
190421,5559,53797
190422,5561,53798
190423,5564,53800
190424,5565,53801
190425,5574,53803
190426,5575,53804
190427,5579,53803
190428,5580,53806
190429,5581,53807
190430,5582,53808
190431,5586,53810
190432,5587,53811
190433,5588,53812
190434,5590,53813
190435,5591,53814
190436,5595,53816
190437,5598,53817
190438,5599,53818
190439,5604,53821
190440,5605,53822
190441,5606,53823
190442,5607,53824
190443,5608,53825
190444,5609,53826
190445,5612,53828
190446,5614,53829
190447,5622,53831
190448,5623,53832
190449,5626,53833
190450,5628,53834
190451,5629,53835
190452,5630,53836
190453,5638,53839
190454,5640,53841
190455,5642,53842
190456,5643,53843
190457,5644,53844
190458,5645,53845
190459,5648,53797
190460,5649,53846
190461,5650,53847
190462,5654,53850
190463,5655,53851
190464,5658,53852
190465,5659,53853
190466,5663,53856
190467,5664,53857
190468,5668,53858
190469,5669,53859
190470,5672,53860
190471,5675,53861
190472,5679,53862
190473,5680,53863
190474,5688,53866
190475,5689,53867
190476,5690,53868
190477,5691,53869
190478,5701,53874
190479,5711,53878
190480,5713,53879
190481,5720,53884
190482,5723,53885
190483,5726,53886
190484,5734,53889
190485,5737,53891
190486,5742,53893
190487,5743,53894
190488,5744,53895
190489,5752,53898
190490,5753,53899
190491,5758,53901
190492,5766,53905
190493,5771,53907
190494,5773,53908
190495,5775,53910
190496,5778,53911
190497,5779,53912
190498,5780,53913
190499,5783,53916
190500,5791,53918
190501,5792,53919
190502,5799,53923
190503,5803,53925
190504,5807,53927
190505,5811,53929
190506,5812,53930
190507,5817,53934
190508,5833,53938
190509,5834,53939
190510,5837,53940
190511,5838,53941
190512,5839,53942
190513,5845,53945
190514,5847,53946
190515,5849,53948
190516,5854,53950
190517,5860,53954
190518,5861,53955
190519,5867,53956
190520,5870,53957
190521,5871,53958
190522,5873,53959
190523,5877,53961
190524,5878,53962
190525,5888,53963
190526,5889,53964
190527,5890,53965
190528,5892,53966
190529,5893,53967
190530,5894,53968
190531,5895,53969
190532,5896,53970
190533,5897,53971
190534,5899,53972
190535,5902,53973
190536,5903,53974
190537,5906,53975
190538,5908,53976
190539,5909,53977
190540,5910,53978
190541,5912,53979
190542,5914,53980
190543,5917,53981
190544,5918,53982
190545,5920,53983
190546,5922,53984
190547,5927,53987
190548,5929,53988
190549,5933,53989
190550,5936,53991
190551,5937,53992
190552,5944,53993
190553,5945,53994
190554,5948,53995
190555,5949,53996
190556,5951,53997
190557,5952,53998
190558,5957,53999
190559,5959,53992
190560,5962,54000
190561,5963,54001
190562,5969,54002
190563,5971,54003
190564,5972,54004
190565,5973,54005
190566,5975,54006
190567,5978,54007
190568,5980,54009
190569,5982,54010
190570,5985,54011
190571,5988,54012
190572,5996,54014
190573,5997,54015
190574,5999,54016
190575,6001,54017
190576,6002,54017
190577,6004,54018
190578,6005,54006
190579,6007,54020
190580,6009,54021
190581,6012,54023
190582,6013,54024
190583,6015,54025
190584,6017,54018
190585,6020,54027
190586,6024,54029
190587,6035,54030
190588,6037,54031
190589,6039,54032
190590,6041,6040
190591,6042,54033
190592,6045,54034
190593,6048,54035
190594,6051,54037
190595,6054,54040
190596,6055,54041
190597,6056,54042
190598,6062,54044
190599,6064,54045
190600,6065,54046
190601,6067,54047
190602,6068,54048
190603,6069,54049
190604,6075,54049
190605,6077,54051
190606,6079,54052
190607,6082,54054
190608,6084,54055
190609,6089,54057
190610,6091,54058
190611,6093,54060
190612,6096,54061
190613,6099,54062
190614,6105,54063
190615,6106,54064
190616,6113,54066
190617,6114,54067
190618,6117,54047
190619,6118,54068
190620,6122,54069
190621,6124,54070
190622,6125,54071
190623,6127,54072
190624,6129,54074
190625,6131,54076
190626,6132,54077
190627,6135,54079
190628,6141,54081
190629,6143,54082
190630,6145,54084
190631,6147,54086
190632,6148,54087
190633,6149,54088
190634,6154,54089
190635,6157,54090
190636,6159,54091
190637,6162,54092
190638,6164,54093
190639,6166,54094
190640,6171,54095
190641,6177,54096
190642,6179,54097
190643,6181,54098
190644,6185,54100
190645,6186,54101
190646,6187,54102
190647,6189,54103
190648,6190,54104
190649,6191,54105
190650,6192,54106
190651,6193,54107
190652,6194,54108
190653,6195,54109
190654,6201,54108
190655,6203,54108
190656,6205,54110
190657,6208,54111
190658,6209,54112
190659,6214,54113
190660,6215,54114
190661,6216,54115
190662,6217,54116
190663,6223,54117
190664,6225,54118
190665,6229,54119
190666,6231,54120
190667,6234,54122
190668,6235,54123
190669,6237,54125
190670,6239,54126
190671,6241,54127
190672,6242,54128
190673,6243,54129
190674,6244,54130
190675,6247,54133
190676,6250,54113
190677,6252,54136
190678,6255,54137
190679,6258,54138
190680,6259,54139
190681,6263,54141
190682,6265,54142
190683,6270,54144
190684,6278,54146
190685,6284,54146
190686,6286,54147
190687,6287,54113
190688,6288,54148
190689,6290,54149
190690,6291,54150
190691,6292,54151
190692,6293,54152
190693,6299,54154
190694,6302,54155
190695,6307,54156
190696,6308,54156
190697,6309,54156
190698,6310,54157
190699,6316,54159
190700,6320,54160
190701,6321,54161
190702,6323,54162
190703,6324,6322
190704,6332,54166
190705,6333,54167
190706,6335,54168
190707,6336,54166
190708,6339,54169
190709,6341,54167
190710,6342,54170
190711,6343,54171
190712,6349,54173
190713,6350,54174
190714,6353,54175
190715,6357,54176
190716,6361,54177
190717,6364,54179
190718,6367,54180
190719,6370,54181
190720,6373,54182
190721,6377,54167
190722,6378,54185
190723,6379,54186
190724,6381,54187
190725,6383,54186
190726,6386,54191
190727,6387,54192
190728,6388,54186
190729,6390,54193
190730,6394,54194
190731,6396,54195
190732,6400,54196
190733,6403,54198
190734,6405,54186
190735,6408,54199
190736,6409,54200
190737,6410,54201
190738,6411,54202
190739,6412,54203
190740,6413,54204
190741,6418,54206
190742,6419,54207
190743,6420,54166
190744,6421,54208
190745,6425,54209
190746,6427,54210
190747,6431,54211
190748,6437,54214
190749,6439,54216
190750,6440,54217
190751,6441,54218
190752,6442,54219
190753,6444,54220
190754,6448,54222
190755,6452,54223
190756,6453,54224
190757,6454,54224
190758,6457,54225
190759,6462,54227
190760,6469,6468
190761,6471,54229
190762,6472,54230
190763,6474,54231
190764,6476,54232
190765,6477,54233
190766,6478,53954
190767,6479,54234
190768,6481,53954
190769,6484,54236
190770,6486,54237
190771,6487,53954
190772,6488,54238
190773,6489,54239
190774,6490,54239
190775,6491,54240
190776,6494,53954
190777,6495,54241
190778,6498,54242
190779,6505,54244
190780,6506,53954
190781,6508,54245
190782,6509,54246
190783,6512,54247
190784,6517,54248
190785,6521,54249
190786,6522,54250
190787,6526,54252
190788,6532,54253
190789,6536,54254
190790,6538,54255
190791,6539,54256
190792,6541,54257
190793,6542,54258
190794,6546,54259
190795,6547,54260
190796,6551,54262
190797,6552,54263
190798,6557,54264
190799,6559,54265
190800,6561,54266
190801,6562,54267
190802,6567,54268
190803,6579,54271
190804,6581,54272
190805,6583,54273
190806,6585,54274
190807,6586,54275
190808,6591,54276
190809,6595,54277
190810,6597,54278
190811,6603,54280
190812,6609,54283
190813,6612,54284
190814,6621,54285
190815,6622,54286
190816,6626,54288
190817,6627,54289
190818,6628,54290
190819,6631,54292
190820,6634,54295
190821,6637,54297
190822,6641,54298
190823,6643,54300
190824,6644,54301
190825,6645,54302
190826,6646,54303
190827,6650,54305
190828,6651,54306
190829,6652,54307
190830,6654,54309
190831,6657,54310
190832,6659,54311
190833,6664,54312
190834,6669,54313
190835,6672,54315
190836,6674,54316
190837,6679,54320
190838,6681,54321
190839,6685,54324
190840,6686,54325
190841,6687,54326
190842,6689,54327
190843,6692,54329
190844,6694,54331
190845,6700,54336
190846,6711,54342
190847,6715,54344
190848,6719,54346
190849,6721,54347
190850,6723,54348
190851,6726,54350
190852,6728,54352
190853,6729,54353
190854,6730,54354
190855,6732,54356
190856,6736,54358
190857,6738,54358
190858,6739,54360
190859,6740,54361
190860,6743,54364
190861,6745,54366
190862,6746,54367
190863,6748,54368
190864,6750,54369
190865,6754,54371
190866,6755,54372
190867,6758,54373
190868,6760,54375
190869,6763,54377
190870,6764,54378
190871,6767,54379
190872,6768,54380
190873,6769,54381
190874,6771,54382
190875,6772,54383
190876,6773,54384
190877,6775,54385
190878,6776,54386
190879,6782,54387
190880,6783,54388
190881,6786,54358
190882,6791,54393
190883,6794,54395
190884,6796,54396
190885,6798,54398
190886,6800,54400
190887,6804,54402
190888,6807,54404
190889,6808,54405
190890,6810,54375
190891,6812,54407
190892,6813,54408
190893,6816,54410
190894,6819,54411
190895,6821,54412
190896,6824,54414
190897,6825,54415
190898,6827,54416
190899,6828,54417
190900,6834,54419
190901,6839,54421
190902,6842,54423
190903,6843,54424
190904,6846,54426
190905,6847,54427
190906,6853,54429
190907,6863,54434
190908,6865,54435
190909,6868,54436
190910,6869,54437
190911,6871,54438
190912,6872,54439
190913,6874,54441
190914,6875,54442
190915,6876,54443
190916,6881,54445
190917,6884,54447
190918,6888,54448
190919,6889,54449
190920,6892,54452
190921,6895,54453
190922,6896,54454
190923,6899,54456
190924,6901,54457
190925,6903,54458
190926,6913,54460
190927,6919,54462
190928,6920,54463
190929,6925,54464
190930,6930,54465
190931,6932,54466
190932,6933,54467
190933,6940,54468
190934,6945,54469
190935,6950,54471
190936,6953,54473
190937,6957,54476
190938,6959,54478
190939,6963,54479
190940,6965,54480
190941,6967,54481
190942,6969,54482
190943,6971,54483
190944,6972,54484
190945,6975,54486
190946,6977,54488
190947,6985,54490
190948,6986,54491
190949,6987,54492
190950,6988,54493
190951,6991,54495
190952,6997,54497
190953,7004,54499
190954,7005,54500
190955,7007,54501
190956,7008,54502
190957,7009,54501
190958,7012,54503
190959,7022,54508
190960,7023,54509
190961,7024,54510
190962,7026,54511
190963,7027,54512
190964,7029,54513
190965,7031,54514
190966,7033,54515
190967,7037,54518
190968,7044,54522
190969,7050,54525
190970,7053,54527
190971,7067,54530
190972,7068,54531
190973,7072,54532
190974,7077,54533
190975,7080,54534
190976,7081,54535
190977,7085,54536
190978,7089,54538
190979,7094,54541
190980,7100,54543
190981,7101,54544
190982,7102,54545
190983,7105,54546
190984,7106,54547
190985,7113,54549
190986,7114,54550
190987,7116,54552
190988,7119,54554
190989,7125,54558
190990,7126,54558
190991,7127,54559
190992,7131,54560
190993,7133,54561
190994,7135,54562
190995,7146,54567
190996,7149,54560
190997,7151,54569
190998,7154,54571
190999,7157,54572
191000,7162,54575
191001,7164,54577
191002,7167,7166
191003,7169,54578
191004,7170,54579
191005,7173,54581
191006,7174,54582
191007,7175,54583
191008,7178,54584
191009,7179,54578
191010,7182,54585
191011,7186,54587
191012,7189,54588
191013,7190,54589
191014,7193,54591
191015,7194,54592
191016,7195,54593
191017,7197,7166
191018,7199,54594
191019,7201,54595
191020,7206,54596
191021,7211,54599
191022,7218,54602
191023,7226,54603
191024,7227,54604
191025,7228,54604
191026,7232,54605
191027,7235,54606
191028,7236,54607
191029,7237,54605
191030,7238,54607
191031,7240,54603
191032,7244,54607
191033,7245,54609
191034,7248,54604
191035,7249,54611
191036,7252,54613
191037,7253,54613
191038,7255,54614
191039,7256,54613
191040,7257,54611
191041,7258,54615
191042,7259,54616
191043,7260,54613
191044,7262,54617
191045,7263,54618
191046,7266,54619
191047,7267,54620
191048,7272,54622
191049,7273,54623
191050,7274,54624
191051,7278,54625
191052,7279,54626
191053,7282,54627
191054,7284,54628
191055,7286,54629
191056,7289,54630
191057,7292,54631
191058,7295,54632
191059,7297,54633
191060,7298,54634
191061,7299,54635
191062,7301,54637
191063,7305,54640
191064,7310,54642
191065,7311,54643
191066,7312,54644
191067,7314,54645
191068,7318,54647
191069,7320,54648
191070,7324,54650
191071,7328,54651
191072,7334,54653
191073,7336,54654
191074,7338,54655
191075,7339,54656
191076,7340,54656
191077,7341,54657
191078,7342,54655
191079,7345,54658
191080,7346,54659
191081,7349,54660
191082,7350,54660
191083,7354,54663
191084,7355,54664
191085,7359,54663
191086,7360,54665
191087,7361,54666
191088,7367,54667
191089,7368,54668
191090,7370,54669
191091,7371,54670
191092,7372,54671
191093,7373,54672
191094,7374,54673
191095,7376,54675
191096,7381,54676
191097,7383,54677
191098,7386,54679
191099,7387,54680
191100,7389,54681
191101,7390,54682
191102,7393,54684
191103,7394,54685
191104,7395,54686
191105,7397,54687
191106,7398,54688
191107,7402,54690
191108,7407,54691
191109,7409,54692
191110,7415,54694
191111,7419,54696
191112,7421,54697
191113,7422,54698
191114,7424,54630
191115,7430,54699
191116,7432,54700
191117,7433,54701
191118,7434,54702
191119,7437,54703
191120,7438,54704
191121,7440,54705
191122,7445,54706
191123,7446,54707
191124,7447,54708
191125,7448,54709
191126,7451,54711
191127,7452,54712
191128,7453,54713
191129,7455,54714
191130,7457,54715
191131,7460,54716
191132,7461,54717
191133,7462,54718
191134,7463,54719
191135,7468,54722
191136,7469,54723
191137,7471,54724
191138,7475,54725
191139,7477,54560
191140,7480,54727
191141,7483,54718
191142,7485,54718
191143,7486,54728
191144,7487,54729
191145,7489,54731
191146,7490,54732
191147,7495,54718
191148,7497,54736
191149,7498,54737
191150,7502,54738
191151,7506,54740
191152,7508,54741
191153,7514,54743
191154,7515,54744
191155,7517,54746
191156,7519,54747
191157,7525,54749
191158,7527,54751
191159,7529,54718
191160,7530,54718
191161,7531,54752
191162,7532,54753
191163,7533,54754
191164,7535,54755
191165,7536,54756
191166,7538,54758
191167,7540,54759
191168,7545,54761
191169,7548,54762
191170,7549,54763
191171,7551,54764
191172,7553,54766
191173,7557,54767
191174,7561,54768
191175,7570,54769
191176,7582,54770
191177,7592,54771
191178,7593,54772
191179,7597,54774
191180,7598,54774
191181,7602,54775
191182,7605,54776
191183,7614,54780
191184,7618,54781
191185,7622,54783
191186,7627,54784
191187,7632,54786
191188,7639,54788
191189,7641,54789
191190,7642,54790
191191,7646,54791
191192,7655,54793
191193,7657,54795
191194,7661,54797
191195,7662,54798
191196,7663,54799
191197,7670,54802
191198,7672,54803
191199,7676,54805
191200,7677,54806
191201,7678,54807
191202,7686,54809
191203,7687,7682
191204,7690,54810
191205,7693,54811
191206,7695,54802
191207,7698,54812
191208,7700,54813
191209,7703,54815
191210,7705,54817
191211,7706,54818
191212,7707,54819
191213,7711,54821
191214,7712,54822
191215,7713,54819
191216,7716,54825
191217,7730,54827
191218,7735,54828
191219,7744,54831
191220,7746,54832
191221,7753,54834
191222,7766,54838
191223,7768,54839
191224,7772,54842
191225,7774,54842
191226,7778,54843
191227,7781,54844
191228,7784,54845
191229,7785,54846
191230,7789,54847
191231,7790,54848
191232,7791,54848
191233,7792,54849
191234,7797,54850
191235,7799,54851
191236,7802,54852
191237,7804,54853
191238,7809,54854
191239,7813,54855
191240,7815,54856
191241,7817,54857
191242,7820,54858
191243,7822,54859
191244,7831,54860
191245,7838,54862
191246,7839,54863
191247,7840,54864
191248,7849,54866
191249,7852,54867
191250,7853,54868
191251,7860,54869
191252,7864,54871
191253,7865,54872
191254,7867,54874
191255,7868,54875
191256,7870,54877
191257,7873,54880
191258,7875,54881
191259,7879,54882
191260,7880,54883
191261,7881,54884
191262,7892,54887
191263,7893,54888
191264,7895,54889
191265,7907,54890
191266,7910,54891
191267,7920,54894
191268,7924,54895
191269,7927,54896
191270,7928,54897
191271,7931,54899
191272,7939,54900
191273,7940,54901
191274,7944,54902
191275,7947,54903
191276,7955,54905
191277,7956,54906
191278,7958,54907
191279,7964,54911
191280,7968,54912
191281,7970,54913
191282,7971,54913
191283,7972,54914
191284,7973,54913
191285,7980,54913
191286,7982,54916
191287,7995,54917
191288,7996,54918
191289,8005,54921
191290,8007,54922
191291,8010,54923
191292,8012,54924
191293,8013,54925
191294,8019,54927
191295,8025,54929
191296,8030,54930
191297,8035,54932
191298,8040,54935
191299,8047,54936
191300,8052,54938
191301,8055,54939
191302,8061,54941
191303,8063,54942
191304,8064,54943
191305,8072,54947
191306,8075,54948
191307,8077,54949
191308,8081,54943
191309,8082,54950
191310,8083,54951
191311,8084,54952
191312,8092,54953
191313,8099,54956
191314,8100,54956
191315,8101,54956
191316,8109,54958
191317,8116,54960
191318,8126,54962
191319,8129,8127
191320,8147,54967
191321,8152,54969
191322,8154,54970
191323,8158,54971
191324,8159,54972
191325,8160,54973
191326,8161,54971
191327,8162,54974
191328,8163,54975
191329,8164,54976
191330,8165,54972
191331,8166,54977
191332,8169,54969
191333,8170,54979
191334,8172,54980
191335,8174,54971
191336,8175,54981
191337,8176,54982
191338,8178,54972
191339,8180,54972
191340,8185,54984
191341,8187,54972
191342,8190,54972
191343,8197,54972
191344,8207,54987
191345,8212,54988
191346,8217,54989
191347,8226,54991
191348,8230,54993
191349,8237,54976
191350,8252,54999
191351,8254,55000
191352,8257,55002
191353,8258,55003
191354,8261,55004
191355,8265,55006
191356,8268,55007
191357,8269,55000
191358,8274,55009
191359,8275,55010
191360,8281,55012
191361,8282,55013
191362,8289,55015
191363,8291,55017
191364,8292,55018
191365,8300,55020
191366,8301,55021
191367,8304,55022
191368,8306,55023
191369,8308,55022
191370,8309,55022
191371,8311,55022
191372,8313,55022
191373,8314,55024
191374,8315,55022
191375,8319,55026
191376,8320,55027
191377,8321,55028
191378,8322,55029
191379,8323,55029
191380,8324,55030
191381,8325,55022
191382,8326,55031
191383,8328,55033
191384,8329,55034
191385,8330,55035
191386,8331,55036
191387,8340,55037
191388,8342,55038
191389,8345,55039
191390,8347,55040
191391,8349,55041
191392,8350,55042
191393,8351,55043
191394,8353,55044
191395,8354,55045
191396,8357,55046
191397,8360,55048
191398,8366,55050
191399,8367,55051
191400,8373,55053
191401,8374,55054
191402,8384,55056
191403,8387,55057
191404,8391,55059
191405,8392,55060
191406,8394,55061
191407,8395,55062
191408,8396,55063
191409,8397,55064
191410,8398,55065
191411,8401,55067
191412,8403,55068
191413,8407,55070
191414,8409,55072
191415,8417,55075
191416,8418,55076
191417,8423,55078
191418,8424,55079
191419,8425,55080
191420,8427,55081
191421,8429,55082
191422,8430,55083
191423,8431,55084
191424,8433,55085
191425,8434,55086
191426,8436,55087
191427,8443,55090
191428,8445,55091
191429,8446,55092
191430,8448,55093
191431,8449,55094
191432,8453,55095
191433,8454,55096
191434,8455,55097
191435,8456,55097
191436,8457,55097
191437,8460,55098
191438,8465,55099
191439,8466,55100
191440,8467,55101
191441,8470,55103
191442,8472,55105
191443,8479,55107
191444,8480,55108
191445,8483,55110
191446,8486,55111
191447,8488,55111
191448,8491,55111
191449,8494,55111
191450,8496,55113
191451,8498,55114
191452,8499,55097
191453,8500,55111
191454,8503,55115
191455,8507,55116
191456,8508,55117
191457,8512,55119
191458,8516,55119
191459,8519,55121
191460,8521,55122
191461,8524,55123
191462,8526,55125
191463,8528,55126
191464,8535,55129
191465,8540,55131
191466,8541,55132
191467,8542,55133
191468,8544,55134
191469,8546,55097
191470,8547,55135
191471,8551,55137
191472,8552,55138
191473,8554,55139
191474,8557,55140
191475,8561,55141
191476,8562,55142
191477,8563,55143
191478,8570,55145
191479,8572,55146
191480,8573,55147
191481,8574,55148
191482,8575,55149
191483,8576,55150
191484,8577,55151
191485,8581,55152
191486,8584,55153
191487,8586,55155
191488,8587,55156
191489,8588,55157
191490,8591,55159
191491,8592,55160
191492,8597,55162
191493,8600,55164
191494,8601,55165
191495,8602,55166
191496,8603,55167
191497,8610,55170
191498,8613,55172
191499,8616,55174
191500,8617,55175
191501,8618,55176
191502,8620,55177
191503,8622,55178
191504,8623,55179
191505,8627,55181
191506,8629,55183
191507,8633,55184
191508,8637,55185
191509,8639,55186
191510,8640,55187
191511,8643,55188
191512,8645,55190
191513,8646,55191
191514,8648,55192
191515,8650,55045
191516,8652,55045
191517,8653,55045
191518,8654,55045
191519,8655,55045
191520,8657,55045
191521,8658,55045
191522,8659,55045
191523,8662,55045
191524,8663,55045
191525,8664,55195
191526,8665,55196
191527,8666,55045
191528,8667,55045
191529,8668,55045
191530,8669,55045
191531,8672,55197
191532,8674,55198
191533,8677,55199
191534,8678,55200
191535,8679,55201
191536,8683,55203
191537,8684,55203
191538,8685,55204
191539,8686,55203
191540,8687,55203
191541,8688,55045
191542,8691,55045
191543,8693,55045
191544,8695,55205
191545,8698,55045
191546,8699,55045
191547,8700,55206
191548,8701,55207
191549,8702,55045
191550,8703,55208
191551,8704,55209
191552,8705,55210
191553,8706,55200
191554,8708,55211
191555,8711,55045
191556,8713,55214
191557,8714,55215
191558,8716,55216
191559,8717,55217
191560,8718,55218
191561,8721,55219
191562,8722,55220
191563,8723,55221
191564,8724,55222
191565,8725,55223
191566,8726,55224
191567,8727,55225
191568,8728,55226
191569,8729,55227
191570,8731,55228
191571,8732,55229
191572,8733,55230
191573,8734,55231
191574,8735,55232
191575,8736,55233
191576,8740,55235
191577,8741,55236
191578,8742,55232
191579,8743,55237
191580,8744,55238
191581,8745,55239
191582,8746,55240
191583,8752,55242
191584,8755,55232
191585,8756,55114
191586,8757,55244
191587,8758,55045
191588,8760,55245
191589,8761,55246
191590,8762,55247
191591,8763,55045
191592,8764,55248
191593,8768,55250
191594,8771,55252
191595,8780,55253
191596,8784,55256
191597,8785,55257
191598,8787,55258
191599,8789,55259
191600,8791,55253
191601,8792,55260
191602,8793,55261
191603,8802,55262
191604,8805,55264
191605,8806,55265
191606,8807,55045
191607,8808,55266
191608,8810,55265
191609,8813,55267
191610,8815,55269
191611,8817,55270
191612,8821,55272
191613,8822,55273
191614,8824,55275
191615,8826,55277
191616,8827,55278
191617,8829,55279
191618,8830,55280
191619,8832,55281
191620,8833,55265
191621,8835,55282
191622,8836,55283
191623,8843,55286
191624,8849,55289
191625,8850,55290
191626,8852,55291
191627,8854,55293
191628,8858,55295
191629,8864,55297
191630,8865,55298
191631,8868,55300
191632,8869,55301
191633,8870,55302
191634,8871,55303
191635,8874,55304
191636,8875,55304
191637,8879,55306
191638,8880,55304
191639,8882,55307
191640,8885,55308
191641,8886,55309
191642,8887,55310
191643,8889,55311
191644,8890,55312
191645,8891,55313
191646,8892,55314
191647,8893,55315
191648,8895,55317
191649,8896,55318
191650,8897,55319
191651,8898,55320
191652,8899,55319
191653,8901,55322
191654,8902,55320
191655,8904,55323
191656,8906,55320
191657,8907,55323
191658,8909,55324
191659,8910,55323
191660,8911,55022
191661,8912,55324
191662,8919,55325
191663,8920,55326
191664,8922,55328
191665,8923,55329
191666,8926,55331
191667,8930,55333
191668,8937,55335
191669,8938,55336
191670,8939,55337
191671,8940,55338
191672,8942,55339
191673,8945,55341
191674,8949,55343
191675,8952,55344
191676,8955,55345
191677,8958,55346
191678,8959,55347
191679,8970,55349
191680,8972,55350
191681,8974,55351
191682,8983,55353
191683,8985,55354
191684,8989,55355
191685,8997,55357
191686,8999,55358
191687,23310,55361
191688,23313,55362
191689,23315,55363
191690,23320,55364
191691,23327,55365
191692,23333,55367
191693,23335,55368
191694,23341,55370
191695,23346,55372
191696,23353,55376
191697,23354,55377
191698,23369,55380
191699,23373,55382
191700,23376,55384
191701,23382,55385
191702,23394,55387
191703,23401,23503
191704,23406,55388
191705,23408,55389
191706,23421,55392
191707,23438,55393
191708,23452,55394
191709,23478,55398
191710,23493,55400
191711,23511,55402
191712,23521,55405
191713,23538,55406
191714,23556,55411
191715,23581,55420
191716,23585,55421
191717,23586,55422
191718,23589,55423
191719,23591,55424
191720,23593,55425
191721,23596,55427
191722,23597,55428
191723,23598,55429
191724,23599,55430
191725,23602,55431
191726,23604,23607
191727,23609,55432
191728,23610,55433
191729,23619,55435
191730,23620,55436
191731,23621,55437
191732,23622,55438
191733,23624,55440
191734,23636,55444
191735,23649,55447
191736,23652,55448
191737,23657,55449
191738,23661,55450
191739,23670,55453
191740,23685,55458
191741,23687,55459
191742,23690,55462
191743,23697,55464
191744,23720,55468
191745,23724,55469
191746,23734,55471
191747,23738,55473
191748,23739,55474
191749,23740,55475
191750,23742,55476
191751,23744,55477
191752,23745,55478
191753,23752,55481
191754,23755,55483
191755,23776,55486
191756,23807,55490
191757,23812,55491
191758,23817,55493
191759,23821,55495
191760,23823,55496
191761,23829,55497
191762,23848,55499
191763,23849,55500
191764,23856,55501
191765,23858,55502
191766,23862,55503
191767,23871,55506
191768,23873,55507
191769,23876,55509
191770,23885,55510
191771,23906,55512
191772,23907,55513
191773,23909,55515
191774,23910,55516
191775,23911,55517
191776,23917,55518
191777,23919,55519
191778,23968,55523
191779,23978,55525
191780,23991,55526
191781,23992,55527
191782,23996,55528
191783,24014,55529
191784,24016,55530
191785,24024,55532
191786,24026,55533
191787,24029,55534
191788,24033,55536
191789,24047,55539
191790,24050,55540
191791,24058,55541
191792,24066,55542
191793,24084,55544
191794,24091,55546
191795,24094,55548
191796,24112,55551
191797,24113,55552
191798,24125,55555
191799,24139,55557
191800,24142,55558
191801,24144,55559
191802,24161,55563
191803,24193,55567
191804,24196,55568
191805,24220,55574
191806,24228,55575
191807,24243,55577
191808,24246,55578
191809,24253,55579
191810,24262,55580
191811,24271,55581
191812,24277,55582
191813,24278,55583
191814,24292,55585
191815,24321,55586
191816,24324,55587
191817,24337,55589
191818,24356,55592
191819,24392,55600
191820,24400,55601
191821,24403,55603
191822,24404,55604
191823,24407,55605
191824,24417,55608
191825,24420,55609
191826,24422,55610
191827,24432,55614
191828,24434,55615
191829,24435,55616
191830,24436,55617
191831,24437,55618
191832,24439,55620
191833,24440,55621
191834,24442,55623
191835,24443,55624
191836,24444,55625
191837,24445,55626
191838,24447,55628
191839,24448,55629
191840,24450,55631
191841,24451,55632
191842,24452,55633
191843,24454,55634
191844,24455,55635
191845,24456,55636
191846,24457,55637
191847,24460,55639
191848,24464,55640
191849,24465,55641
191850,24471,55644
191851,24472,55645
191852,24473,55646
191853,24477,55648
191854,24478,55649
191855,24480,55651
191856,24482,55652
191857,24483,55653
191858,24484,55654
191859,24488,55656
191860,24489,55657
191861,24490,55658
191862,24494,55660
191863,24496,55661
191864,24497,55662
191865,24498,55663
191866,24499,55664
191867,24500,55665
191868,24502,55666
191869,24503,55667
191870,24504,55668
191871,24505,55669
191872,24509,55671
191873,24510,55672
191874,24511,55673
191875,24512,55674
191876,24514,55675
191877,24515,55676
191878,24518,55678
191879,24520,55679
191880,24521,55680
191881,24522,55681
191882,24524,55682
191883,24525,55683
191884,24526,55684
191885,24529,55685
191886,24530,55686
191887,24531,55687
191888,24536,55690
191889,24538,55691
191890,24539,55692
191891,24544,55695
191892,24545,55696
191893,24549,55697
191894,24550,55698
191895,24552,55699
191896,24553,55700
191897,24557,55703
191898,24560,55705
191899,24569,55708
191900,24572,55709
191901,24573,55710
191902,24575,55711
191903,24576,55712
191904,24577,55713
191905,24582,55715
191906,24588,55717
191907,24589,55718
191908,24592,55720
191909,24595,55721
191910,24598,55723
191911,24599,55724
191912,24600,55725
191913,24612,55727
191914,24615,55728
191915,24622,55729
191916,24625,55730
191917,24626,55731
191918,24627,55732
191919,24629,55733
191920,24630,55734
191921,24642,55739
191922,24649,55741
191923,24656,55742
191924,24657,55743
191925,24658,55744
191926,24659,55745
191927,24662,55746
191928,24672,55748
191929,24680,55749
191930,24684,55750
191931,24686,55751
191932,24698,55754
191933,24707,55755
191934,24711,55756
191935,24718,55757
191936,24723,55758
191937,24738,55761
191938,24739,55762
191939,24741,55763
191940,24744,55764
191941,24747,55765
191942,24752,55766
191943,24756,55767
191944,24764,55768
191945,24765,55769
191946,24768,55770
191947,24782,55772
191948,24795,55774
191949,24798,55775
191950,24803,55777
191951,24806,55778
191952,24817,55780
191953,24826,55781
191954,24831,55782
191955,24837,55783
191956,24844,55785
191957,24849,55787
191958,24864,55789
191959,24869,55790
191960,24892,55795
191961,24902,55798
191962,24903,55799
191963,24911,55801
191964,24912,55802
191965,24922,55804
191966,24925,55805
191967,24928,55806
191968,24932,55808
191969,24951,55813
191970,24952,55814
191971,24953,55815
191972,24967,55816
191973,24976,55817
191974,24979,55819
191975,24983,55820
191976,24986,55822
191977,24988,55823
191978,24998,55824
191979,25000,55825
191980,25005,55826
191981,25008,55829
191982,25016,55830
191983,25019,55831
191984,25036,55833
191985,25044,55834
191986,25045,55835
191987,25051,55836
191988,25054,55837
191989,25084,55838
191990,25114,55840
191991,25116,55841
191992,25125,55842
191993,25127,55843
191994,25128,55844
191995,25146,55846
191996,25168,55848
191997,25170,55849
191998,25176,55850
191999,25179,55851
192000,25199,55854
192001,25207,55855
192002,25220,55856
192003,25228,55857
192004,25260,55860
192005,25277,55861
192006,25280,55862
192007,25312,55863
192008,25317,55864
192009,25320,55865
192010,25322,55866
192011,25324,55867
192012,25342,55869
192013,25343,55870
192014,25347,55871
192015,25352,55872
192016,25378,55873
192017,25382,55874
192018,25383,55875
192019,25385,55876
192020,25409,55879
192021,25423,55880
192022,25427,55881
192023,25454,55883
192024,25479,55886
192025,25525,55889
192026,25526,55890
192027,25537,55892
192028,25545,55893
192029,25556,55895
192030,25558,55896
192031,25568,55898
192032,25592,55899
192033,25593,55900
192034,25598,55901
192035,25658,55904
192036,25667,55906
192037,25670,55907
192038,25672,55908
192039,25682,55909
192040,25704,55910
192041,25728,55912
192042,25794,55915
192043,25797,55916
192044,25818,55917
192045,25822,55918
192046,25829,55920
192047,25831,55922
192048,25832,55923
192049,25850,55924
192050,25866,55926
192051,25877,55927
192052,25881,55928
192053,25886,55929
192054,25888,55930
192055,25905,55932
192056,25912,55933
192057,25916,55934
192058,25929,55935
192059,25935,55936
192060,25942,55937
192061,25966,55938
192062,25981,55940
192063,25990,55941
192064,25991,55942
192065,25992,55943
192066,25993,55944
192067,26028,55945
192068,26069,55948
192069,26079,55950
192070,26084,55951
192071,26101,55953
192072,26121,55954
192073,26133,55955
192074,26143,55956
192075,26213,55959
192076,26229,55961
192077,26237,55962
192078,26259,55963
192079,26266,55964
192080,26272,55965
192081,26280,55966
192082,26288,55967
192083,26294,55968
192084,26340,55969
192085,26354,55970
192086,26362,55971
192087,26373,55972
192088,26390,55974
192089,26456,55977
192090,26476,55978
192091,26481,55979
192092,26499,55982
192093,26504,26503
192094,26506,26505
192095,26507,26505
192096,26508,26505
192097,26509,26505
192098,26510,26503
192099,26511,26505
192100,26512,26505
192101,26513,26503
192102,26514,26505
192103,26515,26503
192104,26517,26503
192105,26518,26503
192106,26521,26505
192107,26522,26503
192108,26523,26503
192109,26524,26503
192110,26525,26503
192111,26526,26503
192112,26527,26503
192113,26528,26505
192114,26530,55985
192115,26531,26503
192116,26532,26503
192117,26533,55985
192118,26535,26534
192119,26536,55985
192120,26538,26534
192121,26539,26534
192122,26540,26534
192123,26541,55985
192124,26542,55985
192125,26545,26503
192126,26546,26503
192127,26547,26534
192128,26548,55985
192129,26549,26534
192130,26551,55986
192131,26552,26534
192132,26557,55985
192133,26563,55988
192134,26565,26554
192135,26566,26560
192136,26576,26575
192137,26578,26577
192138,26591,26590
192139,26596,55995
192140,26597,55985
192141,26600,26598
192142,26609,26583
192143,26611,26610
192144,26612,26610
192145,26613,26610
192146,26616,26610
192147,26617,55996
192148,26622,26610
192149,26623,26610
192150,26626,26590
192151,26628,26564
192152,26630,26604
192153,26636,26610
192154,26637,26564
192155,26640,26639
192156,26641,26639
192157,26644,26564
192158,26646,55998
192159,26648,55999
192160,26653,26649
192161,26659,55998
192162,26665,26610
192163,26669,55998
192164,26672,26610
192165,26673,26564
192166,26680,26678
192167,26687,26686
192168,26689,26686
192169,26691,26686
192170,26698,26686
192171,26706,55998
192172,26708,26686
192173,26710,26686
192174,26712,26686
192175,26717,55998
192176,26718,26686
192177,26719,55998
192178,26720,55998
192179,26721,55998
192180,26722,55998
192181,26724,56003
192182,26726,56003
192183,26732,26564
192184,26739,26702
192185,26740,26702
192186,26752,26575
192187,26754,26753
192188,26756,26753
192189,26760,26753
192190,26765,26702
192191,26771,26690
192192,26772,26690
192193,26773,26690
192194,26774,26697
192195,26779,56006
192196,26782,26564
192197,26787,26786
192198,26793,26564
192199,26801,56007
192200,26802,56007
192201,26812,56007
192202,26814,56007
192203,26817,26799
192204,26833,56007
192205,26844,26798
192206,26845,26798
192207,26852,26564
192208,26860,56007
192209,26863,26753
192210,26864,26753
192211,26865,26753
192212,26866,26753
192213,26868,26753
192214,26874,26564
192215,26875,26753
192216,26878,56013
192217,26879,56013
192218,26881,56013
192219,26883,26882
192220,26884,26880
192221,26885,26882
192222,26887,56013
192223,26891,26882
192224,26892,26880
192225,26895,26882
192226,26898,26564
192227,26899,56014
192228,26903,26900
192229,26906,26880
192230,26907,26900
192231,26909,26900
192232,26911,26900
192233,26912,56014
192234,26914,26900
192235,26916,56015
192236,26917,26900
192237,26920,56014
192238,26923,26882
192239,26925,26882
192240,26927,56013
192241,26934,56014
192242,26937,26882
192243,26938,26882
192244,26939,56014
192245,26941,56013
192246,26943,26882
192247,26944,26882
192248,26950,56014
192249,26955,56014
192250,26958,56013
192251,26960,56013
192252,26961,56014
192253,26962,56014
192254,26964,56013
192255,26966,26882
192256,26968,26880
192257,26972,56014
192258,26973,56014
192259,26974,26882
192260,26975,56013
192261,26979,56013
192262,26983,56014
192263,26991,26564
192264,26993,26564
192265,26998,56014
192266,27004,27003
192267,27006,56014
192268,27007,56018
192269,27015,26882
192270,27018,56019
192271,27027,56020
192272,27033,56014
192273,27043,55985
192274,27044,26880
192275,27045,26880
192276,27056,26880
192277,27060,56014
192278,27063,27062
192279,27080,27079
192280,27081,27079
192281,27082,26564
192282,27083,26564
192283,27084,27046
192284,27085,56023
192285,27094,26564
192286,27095,55985
192287,27108,27026
192288,27109,26564
192289,27110,27062
192290,27123,27121
192291,27128,27127
192292,27130,27076
192293,27134,27121
192294,27135,56029
192295,27137,27121
192296,27144,27142
192297,27148,27142
192298,27151,27121
192299,27155,27127
192300,27156,27121
192301,27157,27121
192302,27159,55985
192303,27164,56030
192304,27165,27163
192305,27167,27166
192306,27168,27166
192307,27170,27166
192308,27171,27166
192309,27173,27166
192310,27175,27166
192311,27183,27182
192312,27188,56032
192313,27197,27196
192314,27201,27196
192315,27202,27196
192316,27205,56033
192317,27210,27206
192318,27213,27208
192319,27214,56036
192320,27217,56033
192321,27225,56038
192322,27228,27227
192323,27234,56040
192324,27237,27236
192325,27238,27236
192326,27239,27235
192327,27240,27235
192328,27241,27236
192329,27243,27236
192330,27244,56040
192331,27245,27236
192332,27248,27236
192333,27252,27236
192334,27253,27236
192335,27257,56042
192336,27262,27236
192337,27270,27269
192338,27272,27271
192339,27274,27271
192340,27275,27271
192341,27279,56043
192342,27281,27271
192343,27291,27290
192344,27297,27290
192345,27299,27293
192346,27303,27290
192347,27305,56042
192348,27308,56045
192349,27310,56045
192350,27316,56045
192351,27327,27286
192352,27332,56045
192353,27333,56045
192354,27337,56048
192355,27345,27286
192356,27355,27347
192357,27358,27357
192358,27359,27357
192359,27360,27357
192360,27361,27357
192361,27362,27357
192362,27367,27366
192363,27371,27370
192364,27372,27370
192365,27375,27374
192366,27376,27374
192367,27382,27357
192368,27383,27357
192369,27391,27390
192370,27393,27388
192371,27402,27388
192372,27404,27388
192373,27411,27388
192374,27420,27357
192375,27431,27288
192376,27456,27455
192377,27457,27455
192378,27459,27458
192379,27475,27455
192380,27477,27455
192381,27478,27473
192382,27479,56052
192383,27481,27480
192384,27484,27455
192385,27486,27455
192386,27494,27455
192387,27506,27504
192388,27507,27504
192389,27508,27505
192390,27510,27509
192391,27515,56053
192392,27519,56054
192393,27553,56055
192394,27556,56056
192395,27564,56057
192396,27568,56058
192397,27584,56059
192398,27613,27610
192399,27615,56062
192400,27625,56063
192401,27626,56064
192402,27652,56065
192403,27653,56066
192404,27654,56067
192405,27655,56066
192406,27656,56067
192407,27658,56066
192408,27659,56066
192409,27661,56069
192410,27662,56070
192411,27665,56072
192412,27668,56073
192413,27669,56074
192414,27672,56075
192415,27674,56075
192416,27675,56076
192417,27676,56077
192418,27686,56080
192419,27688,56081
192420,27694,56082
192421,27695,56083
192422,27705,56086
192423,27711,56088
192424,27716,56090
192425,27719,56091
192426,27723,56093
192427,27727,56094
192428,27730,56096
192429,27738,56098
192430,27739,56099
192431,27741,56099
192432,27745,56066
192433,27747,56099
192434,27748,56101
192435,27751,56102
192436,27752,56103
192437,27754,56104
192438,27755,56105
192439,27756,56106
192440,27760,56108
192441,27762,56109
192442,27765,56091
192443,27771,56112
192444,27774,56114
192445,27776,56115
192446,27781,56112
192447,27784,56093
192448,27785,56115
192449,27787,56117
192450,27794,56118
192451,27798,56120
192452,27803,56121
192453,27806,56122
192454,27807,56121
192455,27809,56124
192456,27821,56129
192457,27824,56130
192458,27825,56131
192459,27826,56066
192460,27827,56132
192461,27830,56133
192462,27833,56135
192463,27834,56136
192464,27836,56137
192465,27838,56138
192466,27840,56139
192467,27846,56140
192468,27847,56135
192469,27863,56142
192470,27867,56143
192471,27870,56144
192472,27871,56145
192473,27874,56112
192474,27876,56146
192475,27877,56147
192476,27881,56148
192477,27882,56149
192478,27884,56150
192479,27888,56151
192480,27893,56153
192481,27898,56154
192482,27899,56155
192483,27901,56147
192484,27910,56156
192485,27912,56157
192486,27925,56159
192487,27927,56160
192488,27929,56157
192489,27930,56147
192490,27933,56161
192491,27935,56162
192492,27942,56163
192493,27946,56164
192494,27948,56166
192495,27949,56167
192496,27952,56147
192497,27953,56168
192498,27958,56169
192499,27960,56170
192500,27961,56171
192501,27965,56147
192502,27975,56174
192503,27976,56175
192504,27978,56164
192505,27984,56179
192506,27988,56179
192507,27989,56181
192508,27990,56179
192509,27991,56179
192510,27992,56179
192511,27995,56182
192512,27996,56183
192513,27997,56174
192514,28002,56184
192515,28005,56147
192516,28007,56185
192517,28009,56186
192518,28010,56157
192519,28024,56188
192520,28025,56189
192521,28040,56147
192522,28044,56192
192523,28045,56066
192524,28051,56193
192525,28055,56194
192526,28056,56145
192527,28058,56195
192528,28064,56196
192529,28067,56198
192530,28072,56199
192531,28078,56112
192532,28083,56200
192533,28085,56200
192534,28093,56147
192535,28095,56202
192536,28098,56147
192537,28099,56203
192538,28110,56204
192539,28124,56206
192540,28125,56206
192541,28127,56207
192542,28128,56208
192543,28133,56209
192544,28136,56211
192545,28142,28141
192546,28152,56213
192547,28154,56147
192548,28165,56214
192549,28167,56215
192550,28175,56216
192551,28176,56217
192552,28179,56218
192553,28180,56219
192554,28185,56220
192555,28186,56221
192556,28187,56222
192557,28188,56223
192558,28192,56224
192559,28194,56226
192560,28201,56227
192561,28202,56228
192562,28208,56229
192563,28209,56230
192564,28211,56231
192565,28220,56233
192566,28225,56235
192567,28230,56236
192568,28231,56237
192569,28247,56238
192570,28249,56240
192571,28250,56241
192572,28259,56243
192573,28261,56244
192574,28264,56245
192575,28265,56246
192576,28269,56247
192577,28270,56248
192578,28272,56249
192579,28274,56250
192580,28283,56252
192581,28285,56254
192582,28287,56255
192583,28288,56256
192584,28295,56257
192585,28296,56258
192586,30804,56259
192587,30816,56261
192588,30819,56262
192589,30828,56266
192590,30834,56267
192591,30837,56269
192592,30838,56270
192593,30848,56272
192594,30857,56274
192595,30868,56276
192596,30869,56277
192597,30870,56278
192598,30873,56279
192599,30876,56280
192600,30880,56281
192601,30886,56282
192602,30889,56284
192603,30903,56286
192604,30926,56287
192605,30931,56288
192606,30933,56289
192607,30959,56293
192608,30961,56294
192609,30967,56295
192610,31089,56298
192611,31101,56299
192612,31157,56300
192613,31180,56302
192614,31187,56303
192615,31241,56305
192616,31253,56306
192617,31263,56307
192618,31271,56308
192619,31295,31111
192620,31297,31113
192621,31306,56309
192622,31308,31275
192623,31309,31016
192624,31310,56310
192625,31312,31201
192626,31324,56311
192627,31326,31286
192628,31327,56312
192629,31335,56313
192630,31338,56302
192631,31339,56303
192632,31341,31192
192633,31344,31116
192634,31346,31235
192635,31350,31293
192636,31352,31090
192637,31354,56315
192638,31355,56316
192639,31356,31204
192640,31358,31278
192641,31362,30938
192642,31369,31112
192643,31372,31199
192644,31373,30920
192645,31374,31290
192646,31376,31289
192647,31377,56317
192648,31398,56319
192649,31405,30928
192650,31412,31291
192651,31414,31118
192652,31417,31022
192653,31421,31075
192654,31428,56321
192655,31436,31238
192656,31438,31037
192657,31441,31288
192658,31442,31006
192659,31443,56323
192660,31444,31244
192661,31466,30890
192662,31482,56326
192663,31485,51162
192664,31489,56308
192665,31501,31214
192666,31508,31249
192667,31527,31220
192668,31529,56327
192669,31533,31003
192670,31546,31069
192671,31561,56299
192672,31566,31183
192673,31569,31103
192674,31571,31038
192675,31579,56330
192676,31580,56331
192677,31599,31178
192678,31620,56332
192679,31648,56334
192680,31662,56335
192681,31675,56337
192682,31680,30905
192683,31686,56338
192684,31693,56339
192685,31705,56340
192686,31729,56341
192687,31748,56342
192688,31795,31244
192689,31798,56343
192690,31800,56344
192691,31801,31497
192692,31804,31697
192693,31809,31588
192694,31811,56345
192695,31812,56346
192696,31817,31577
192697,31819,31632
192698,31823,31612
192699,31824,56319
192700,31830,31504
192701,31833,31563
192702,31837,31669
192703,31838,31201
192704,31840,56334
192705,31842,31357
192706,31844,31696
192707,31845,31652
192708,31847,31753
192709,31849,31615
192710,31851,56321
192711,31855,56348
192712,31857,31605
192713,31858,31378
192714,31865,31037
192715,31867,56349
192716,31872,31736
192717,31873,31636
192718,31879,56352
192719,31886,56353
192720,31887,31235
192721,31892,31293
192722,31893,30938
192723,31895,56354
192724,31899,31185
192725,31901,56355
192726,31906,31761
192727,31911,56307
192728,31919,31332
192729,31920,31751
192730,31931,30902
192731,31939,56357
192732,31955,56338
192733,31960,31426
192734,31968,31727
192735,31971,31735
192736,31983,56358
192737,32004,31551
192738,32009,31739
192739,32012,31783
192740,32015,56361
192741,32016,31022
192742,32018,56362
192743,32028,30970
192744,32036,56332
192745,32041,56313
192746,32044,56365
192747,32045,31650
192748,32051,31118
192749,32057,56312
192750,32060,31653
192751,32061,31706
192752,32108,31090
192753,32122,56335
192754,32143,56367
192755,32149,56368
192756,32151,31380
192757,32156,56369
192758,32160,31476
192759,32168,56370
192760,32169,56371
192761,32172,31635
192762,32188,30920
192763,32193,56372
192764,32202,30928
192765,32206,31625
192766,32211,31382
192767,32235,30991
192768,32241,31082
192769,32248,31630
192770,32257,31649
192771,32274,56373
192772,32281,31667
192773,32289,56374
192774,32294,56375
192775,32296,56376
192776,32299,56306
192777,32305,31235
192778,32307,56377
192779,32308,31649
192780,32309,56354
192781,32312,32258
192782,32315,32078
192783,32318,31964
192784,32322,32150
192785,32325,31118
192786,32326,32263
192787,32328,31818
192788,32331,32140
192789,32342,56379
192790,32355,56345
192791,32357,56380
192792,32358,31380
192793,32359,31090
192794,32364,31995
192795,32366,32210
192796,32369,56381
192797,32371,56382
192798,32374,32093
192799,32375,32256
192800,32377,32223
192801,32378,32052
192802,32389,32262
192803,32392,32042
192804,32398,32180
192805,32401,56383
192806,32406,31820
192807,32408,30890
192808,32411,56384
192809,32412,31871
192810,32425,56374
192811,32427,56372
192812,32430,31625
192813,32431,31905
192814,32441,56385
192815,32454,32270
192816,32473,56362
192817,32479,56387
192818,32482,31740
192819,32485,31378
192820,32487,31124
192821,32498,31747
192822,32499,31178
192823,32503,31022
192824,32512,56388
192825,32559,32215
192826,32564,56389
192827,32571,31504
192828,32575,31753
192829,32584,56343
192830,32586,56373
192831,32589,56391
192832,32593,56392
192833,32600,31551
192834,32619,32139
192835,32622,31548
192836,32623,32182
192837,32635,31103
192838,32636,31192
192839,32640,31016
192840,32643,32166
192841,32644,31471
192842,32647,31979
192843,32652,30998
192844,32654,31419
192845,32656,32199
192846,32660,31799
192847,32666,56396
192848,32669,31201
192849,32672,56397
192850,32676,31304
192851,32689,31984
192852,32709,32031
192853,32711,31999
192854,32724,56355
192855,32739,31962
192856,32754,56398
192857,32757,31200
192858,32769,31603
192859,32770,32183
192860,32773,56399
192861,32774,56400
192862,32798,30936
192863,32809,56402
192864,32812,32120
192865,32814,32093
192866,32816,32457
192867,32817,56403
192868,32820,32637
192869,32824,32789
192870,32832,32645
192871,32838,32691
192872,32852,32760
192873,32854,32785
192874,32856,31612
192875,32863,32263
192876,32867,32730
192877,32871,32140
192878,32872,56399
192879,32875,56362
192880,32881,32678
192881,32894,32545
192882,32901,56404
192883,32904,32531
192884,32907,56405
192885,32916,56379
192886,32921,32601
192887,32925,56406
192888,32927,32056
192889,32930,32602
192890,32933,32790
192891,32942,32597
192892,32951,31178
192893,32953,31235
192894,32957,56345
192895,32958,31140
192896,32966,32792
192897,32971,56389
192898,32975,31636
192899,32979,32259
192900,32980,31905
192901,32985,32470
192902,32988,32616
192903,32992,31871
192904,32995,32314
192905,33001,32793
192906,33005,31696
192907,33006,56408
192908,33008,32351
192909,33011,56409
192910,33022,32731
192911,33030,32683
192912,33035,56315
192913,33041,31669
192914,33046,56295
192915,33048,31484
192916,33051,56349
192917,33052,32544
192918,33054,56410
192919,33061,32751
192920,33067,31799
192921,33068,31588
192922,33070,32558
192923,33072,32218
192924,33085,31592
192925,33087,32705
192926,33092,31192
192927,33094,32320
192928,33102,31860
192929,33108,32118
192930,33115,32715
192931,33119,31378
192932,33120,31577
192933,33124,56412
192934,33125,56382
192935,33144,56413
192936,33162,56317
192937,33164,56415
192938,33178,30884
192939,33180,32748
192940,33186,31463
192941,33194,31476
192942,33220,31874
192943,33223,31379
192944,33226,32410
192945,33254,31999
192946,33259,56417
192947,33334,56419
192948,33398,56420
192949,33404,56421
192950,33432,56423
192951,33434,56424
192952,33446,56425
192953,33455,56426
192954,33458,56427
192955,33463,56428
192956,33494,56429
192957,33523,51195
192958,33568,51198
192959,33589,56433
192960,33610,56434
192961,33626,56435
192962,33638,56436
192963,33653,56438
192964,33672,56439
192965,33684,56440
192966,33694,56441
192967,33695,56442
192968,33696,56443
192969,33722,56444
192970,33761,56446
192971,33771,56447
192972,33776,56448
192973,33793,56450
192974,33794,33769
192975,33796,51204
192976,33799,33779
192977,33804,33754
192978,33833,33705
192979,33845,33778
192980,33854,56453
192981,33860,33768
192982,33873,33747
192983,33878,56454
192984,33889,33602
192985,33901,33792
192986,33913,56455
192987,33918,51213
192988,33945,56457
192989,33953,56458
192990,33955,56459
192991,33975,33765
192992,33996,56461
192993,34033,56462
192994,34041,33701
192995,34066,56464
192996,34090,51222
192997,34093,56465
192998,34094,56424
192999,34111,56467
193000,34147,56470
193001,34156,56471
193002,34175,33367
193003,34213,56473
193004,34220,56474
193005,34222,56475
193006,34227,56476
193007,34254,51238
193008,34286,56477
193009,34297,33914
193010,34299,34266
193011,34300,51245
193012,34306,34277
193013,34307,34086
193014,34310,34197
193015,34315,56480
193016,34316,34130
193017,34317,34281
193018,34318,56481
193019,34323,34199
193020,34324,34191
193021,34325,56482
193022,34326,34256
193023,34328,56483
193024,34334,51238
193025,34335,56484
193026,34336,34292
193027,34337,34058
193028,34338,34174
193029,34345,34259
193030,34349,33961
193031,34350,56486
193032,34365,34218
193033,34370,34279
193034,34371,56488
193035,34375,56489
193036,34380,34145
193037,34381,51280
193038,34383,33938
193039,34399,56490
193040,34400,34212
193041,34407,34225
193042,34411,51220
193043,34414,33747
193044,34420,34202
193045,34427,56492
193046,34438,33852
193047,34446,56493
193048,34448,56494
193049,34452,34234
193050,34453,56495
193051,34455,33916
193052,34456,33951
193053,34458,56496
193054,34459,34232
193055,34460,34230
193056,34465,56471
193057,34469,33814
193058,34475,34251
193059,34498,34196
193060,34504,56497
193061,34508,33803
193062,34512,34207
193063,34521,34039
193064,34527,56498
193065,34569,34265
193066,34572,56500
193067,34573,33822
193068,34587,56501
193069,34596,34239
193070,34615,51262
193071,34641,33935
193072,34642,34047
193073,34645,34253
193074,34649,33825
193075,34652,34036
193076,34658,56503
193077,34662,56504
193078,34664,33602
193079,34680,56505
193080,34711,56464
193081,34717,56506
193082,34722,56507
193083,34723,56508
193084,34726,56465
193085,34737,56510
193086,34746,33768
193087,34764,33895
193088,34770,33846
193089,34789,56513
193090,34794,34784
193091,34797,33832
193092,34799,34771
193093,34803,56508
193094,34804,56510
193095,34805,56514
193096,34806,34687
193097,34809,34562
193098,34812,34783
193099,34814,34091
193100,34815,34763
193101,34816,34507
193102,34818,34739
193103,34819,34601
193104,34823,34689
193105,34828,34679
193106,34833,34624
193107,34834,34002
193108,34841,34663
193109,34847,34773
193110,34849,34606
193111,34851,34253
193112,34853,56507
193113,34860,33754
193114,34862,56516
193115,34863,34104
193116,34864,34621
193117,34870,56500
193118,34874,56504
193119,34875,51262
193120,34879,34715
193121,34884,34748
193122,34886,51280
193123,34890,34734
193124,34893,56496
193125,34898,34667
193126,34911,33750
193127,34916,56518
193128,34922,56519
193129,34928,56520
193130,34931,56521
193131,34932,34719
193132,34938,56501
193133,34940,34768
193134,34943,34610
193135,34944,34780
193136,34953,56522
193137,34955,56523
193138,34956,34281
193139,34959,34682
193140,34961,56482
193141,34962,34415
193142,34964,56524
193143,34977,34755
193144,34998,56525
193145,35001,34413
193146,35029,33701
193147,35036,51274
193148,35053,34013
193149,35054,34633
193150,35056,56527
193151,35068,34292
193152,35071,34408
193153,35084,34302
193154,35090,34681
193155,35099,56528
193156,35106,56492
193157,35120,33919
193158,35131,33884
193159,35134,34360
193160,35145,56464
193161,35146,56529
193162,35147,33914
193163,35151,56530
193164,35158,56531
193165,35182,56532
193166,35185,34699
193167,35219,56533
193168,35228,34626
193169,35233,56535
193170,35235,33768
193171,35270,56536
193172,35278,56538
193173,35293,35284
193174,35301,56541
193175,35303,35199
193176,35304,56542
193177,35305,34771
193178,35306,35230
193179,35310,56543
193180,35311,35129
193181,35314,35204
193182,35318,35240
193183,35323,35216
193184,35326,35226
193185,35328,34881
193186,35337,34415
193187,35340,35286
193188,35342,56544
193189,35347,56545
193190,35350,35234
193191,35351,56546
193192,35352,35246
193193,35353,34980
193194,35354,35191
193195,35363,35247
193196,35366,51289
193197,35372,56470
193198,35383,34018
193199,35385,34555
193200,35387,56530
193201,35394,56548
193202,35399,34924
193203,35400,56549
193204,35404,56507
193205,35407,34574
193206,35411,56550
193207,35415,35180
193208,35419,34610
193209,35421,34817
193210,35425,34549
193211,35426,34548
193212,35427,34218
193213,35429,51302
193214,35431,34540
193215,35435,35221
193216,35436,34528
193217,35439,56518
193218,35455,56536
193219,35456,56551
193220,35460,34239
193221,35462,35194
193222,35474,34892
193223,35475,35076
193224,35483,34537
193225,35486,56552
193226,35489,56554
193227,35491,33826
193228,35496,35213
193229,35505,35105
193230,35506,35122
193231,35511,34941
193232,35520,56500
193233,35540,34763
193234,35542,56533
193235,35550,34086
193236,35554,33861
193237,35556,56557
193238,35557,33699
193239,35561,56493
193240,35564,33607
193241,35565,56558
193242,35569,33575
193243,35574,34966
193244,35581,33961
193245,35584,34483
193246,35586,35259
193247,35599,35260
193248,35603,34281
193249,35606,34784
193250,35608,35159
193251,35620,34017
193252,35629,51262
193253,35638,56501
193254,35647,34900
193255,35650,56560
193256,35655,35072
193257,35660,56481
193258,35666,56446
193259,35667,34683
193260,35671,34360
193261,35675,35237
193262,35728,56562
193263,35751,56563
193264,35755,35275
193265,35772,56564
193266,35777,56565
193267,35784,56566
193268,35787,56567
193269,35789,34507
