reply_to_id,start_id,end_id
188648,1765,52204
188649,2182,52363
188650,5536,53791
188651,5656,53847
188652,5977,54006
188653,6204,54108
188654,7326,54650
188655,9464,9452
188656,9745,9708
188657,10126,10175
188658,10660,10700
188659,11485,11536
188660,11613,11375
188661,11633,11634
188662,11727,11730
188663,11785,11699
188664,12014,11160
188665,12243,12094
188666,12266,12291
188667,12380,12264
188668,12579,12492
188669,12592,12433
188670,12714,12420
188671,12776,12743
188672,12980,12804
188673,12989,12761
188674,14462,14336
188675,14624,14625
188676,15182,15152
188677,15367,15385
188678,15547,13680
188679,16207,49728
188680,16809,49970
188681,17196,49820
188682,17736,50065
188683,17774,50030
188684,18150,50065
188685,18259,50065
188686,18421,18371
188687,18537,18066
188688,18616,50146
188689,18724,50537
188690,18760,18711
188691,18787,50531
188692,18942,50358
188693,18996,50571
188694,19062,50154
188695,19091,50038
188696,19494,50125
188697,19502,50279
188698,19658,50328
188699,19900,50371
188700,19983,50315
188701,20397,50065
188702,20431,50451
188703,20525,20545
188704,20939,50070
188705,21389,50526
188706,21639,50065
188707,21664,50611
188708,21681,50273
188709,21914,50661
188710,21952,50665
188711,22545,50735
188712,22578,50734
188713,22668,50734
188714,22838,50785
188715,27119,27118
188716,27304,56045
188717,27879,56143
188718,28221,56233
188719,28815,29248
188720,29633,30495
188721,30235,28933
188722,30483,30068
188723,30625,30199
188724,31142,31006
188725,31518,51133
188726,31903,51133
188727,32209,32002
188728,32234,31697
188729,32334,32150
188730,33389,33332
188731,33543,33460
188732,33557,33553
188733,33787,56447
188734,33808,33797
188735,33843,33835
188736,33950,33929
188737,34043,34024
188738,34047,34043
188739,34193,34077
188740,34225,34151
188741,34314,51238
188742,34586,34568
188743,34591,51238
188744,34865,34762
188745,34935,51264
188746,35011,51225
188747,35094,34990
188748,35211,34739
188749,35223,34768
188750,35258,35220
188751,35274,35252
188752,35275,35221
188753,35402,34868
188754,35525,35374
188755,35577,35430
188756,35827,37132
188757,35920,36309
188758,36016,51321
188759,36074,35801
188760,36117,38130
188761,36143,37902
188762,36162,35800
188763,36206,38122
188764,36229,37319
188765,36298,36162
188766,36306,37472
188767,36426,36972
188768,36517,36228
188769,36530,37560
188770,36655,36757
188771,36687,37889
188772,36792,36532
188773,36931,37230
188774,36972,36267
188775,37031,37011
188776,37065,36204
188777,37081,37318
188778,37179,38279
188779,37316,36508
188780,37349,36766
188781,37395,36646
188782,37524,36786
188783,37577,36190
188784,37588,37458
188785,37607,37649
188786,37622,51372
188787,37718,38124
188788,37724,37722
188789,37857,37471
188790,37887,38270
188791,37889,38210
188792,37928,36057
188793,37999,51394
188794,38029,36071
188795,38105,36667
188796,38122,37016
188797,38129,36546
188798,38147,51416
188799,38171,36017
188800,38200,36070
188801,38254,51345
188802,38255,51427
188803,38312,38818
188804,38476,51447
188805,38493,51447
188806,38601,39631
188807,38609,39680
188808,38727,51447
188809,38931,39240
188810,39030,51563
188811,39194,38763
188812,39568,38371
188813,39630,38723
188814,39662,40155
188815,40115,42497
188816,40227,39980
188817,40314,39539
188818,40825,40930
188819,40918,40930
188820,41347,42368
188821,41449,41361
188822,41558,40930
188823,41568,41589
188824,41583,40930
188825,42497,40357
188826,42568,41589
188827,42730,51607
188828,42833,41929
188829,42866,40930
188830,44892,43641
188831,45308,47231
188832,45610,47231
188833,45750,46009
188834,45846,46414
188835,45997,46117
188836,46123,46594
188837,46341,46340
188838,46342,46341
188839,46385,47212
188840,46501,46769
188841,46512,46689
188842,46619,47529
188843,46634,46731
188844,46662,46982
188845,46684,46683
188846,46782,47294
188847,46796,46982
188848,46886,51758
188849,46922,51759
188850,46925,47054
188851,46978,47054
188852,46985,46962
188853,46999,51751
188854,47003,39698
188855,47025,47231
188856,47043,47225
188857,47113,47110
188858,47451,47450
188859,47490,47468
188860,47694,47690
188861,47740,47838
188862,47808,48499
188863,47899,48499
188864,47984,48499
188865,48068,48499
188866,48141,48499
188867,48218,48499
188868,48271,48165
188869,48293,48499
188870,48364,48499
188871,48569,48499
188872,48760,49596
188873,48826,48499
188874,49964,49915
188875,50779,50666
188876,51227,34056
188877,51259,34493
188878,51298,35609
188879,51660,51702
188880,51747,51759
188881,51759,47571
188882,52681,52680
188883,53119,53023
188884,53214,53213
188885,53648,53637
188886,53737,53729
188887,54286,54385
188888,56134,56118
188889,56154,56153
188890,56314,51137
188891,56447,33769
188892,56479,34234
